node1	node2
ADAM10	PSEN1
ADAM10	BACE1
ADAM10	APP
ADAM10	ADAM17
ADAM17	ADAM10
ADAM17	TNF
ADRM1	PSMA4
ADRM1	PSMC4
ADRM1	PSMD8
ADRM1	PSMA3
ADRM1	PSMD7
ADRM1	PSMA2
ADRM1	PSMB7
ADRM1	PSMC1
ADRM1	PSMA6
ADRM1	PSMD11
ADRM1	PSMB1
ADRM1	PSMD3
ADRM1	PSMB6
ADRM1	PSMA5
ADRM1	PSMB4
ADRM1	PSMD1
ADRM1	PSMD2
ADRM1	PSMC5
ADRM1	PSMD12
ADRM1	PSMB5
ADRM1	PSMD4
ADRM1	PSMA7
ADRM1	PSMB2
ADRM1	PSMD14
ADRM1	PSMC2
ADRM1	PSMA1
ADRM1	PSMB3
ADRM1	PSMC3
ADRM1	PSMC6
AGER	KRAS
AGER	NOX4
AGER	NRAS
AGER	NOX1
AGER	HRAS
AGER	CYBB
AKT1	MAPK1
AKT1	PIK3R2
AKT1	KRAS
AKT1	AXIN1
AKT1	PIK3R3
AKT1	MAPK3
AKT1	PIK3CA
AKT1	IRS1
AKT1	ITPR1
AKT1	CASP3
AKT1	GSK3B
AKT1	NOS2
AKT1	CASP9
AKT1	MAP3K5
AKT1	MTOR
AKT1	BECN1
AKT1	CHUK
AKT1	NOX1
AKT1	ITPR3
AKT1	PIK3CD
AKT1	CYBB
AKT1	AKT2
AKT1	BAD
AKT1	GAPDH
AKT1	INS
AKT1	TNF
AKT1	RAF1
AKT1	PIK3R1
AKT1	IKBKB
AKT1	NOS1
AKT1	AKT3
AKT1	CTNNB1
AKT1	PIK3CB
AKT2	MAPK1
AKT2	PIK3R2
AKT2	PIK3R3
AKT2	MAPK3
AKT2	PIK3CA
AKT2	GSK3B
AKT2	NOS2
AKT2	CASP9
AKT2	MAP3K5
AKT2	MTOR
AKT2	CHUK
AKT2	PIK3CD
AKT2	NOS1
AKT2	BAD
AKT2	RAF1
AKT2	IKBKB
AKT2	AKT3
AKT2	PIK3R1
AKT2	PIK3CB
AKT2	AKT1
AKT3	MAPK1
AKT3	PIK3R2
AKT3	PIK3R3
AKT3	MAPK3
AKT3	PIK3CA
AKT3	GSK3B
AKT3	NOS2
AKT3	CASP9
AKT3	MAP3K5
AKT3	MTOR
AKT3	CHUK
AKT3	PIK3CD
AKT3	AKT2
AKT3	BAD
AKT3	RAF1
AKT3	PIK3R1
AKT3	IKBKB
AKT3	AKT1
AKT3	NOS1
AKT3	PIK3CB
APAF1	CYCS
APAF1	CASP3
APAF1	CASP9
APAF1	CASP8
APAF1	CASP7
APBB1	LRP1
APBB1	APP
APBB1	MAPK8
APC	DVL2
APC	CSNK1A1L
APC	LRP5
APC	APC2
APC	DVL3
APC	DVL1
APC	GSK3B
APC	AXIN1
APC	CTNNB1
APC	AXIN2
APC2	DVL2
APC2	APC
APC2	AXIN1
APC2	AXIN2
APC2	DVL3
APC2	GSK3B
APC2	DVL1
APC2	CSNK1A1L
APC2	CTNNB1
APH1A	APH1B
APH1A	APP
APH1A	NCSTN
APH1A	PSEN1
APH1A	PSEN2
APH1A	PSENEN
APH1B	APH1A
APH1B	NCSTN
APH1B	PSENEN
APH1B	PSEN2
APH1B	PSEN1
APOE	LRP1
APOE	INS
APOE	PSEN1
APOE	PSEN2
APOE	LPL
APOE	MAPT
APOE	SNCA
APOE	APP
APP	LRP1
APP	APOE
APP	ADAM10
APP	IDE
APP	KLC2
APP	CASP3
APP	KLC1
APP	PSEN2
APP	GAPDH
APP	PSENEN
APP	APH1A
APP	SNCA
APP	MAPT
APP	NAE1
APP	NCSTN
APP	APBB1
APP	BACE1
APP	PSEN1
ARAF	KRAS
ARAF	MAP2K2
ARAF	GSK3B
ARAF	MAP2K1
ARAF	NRAS
ARAF	RAF1
ARAF	HRAS
ARAF	BRAF
ATF4	XBP1
ATF4	EIF2S1
ATF4	EIF2AK3
ATF4	GSK3B
ATF4	ATF6
ATF4	DDIT3
ATF6	XBP1
ATF6	EIF2AK2
ATF6	EIF2S1
ATF6	EIF2AK3
ATF6	ATF4
ATF6	ERN1
ATF6	DDIT3
ATG101	RB1CC1
ATG101	ATG14
ATG101	PIK3C3
ATG101	NRBF2
ATG101	ULK1
ATG101	BECN2
ATG101	MTOR
ATG101	PIK3R4
ATG101	BECN1
ATG101	ULK2
ATG14	RB1CC1
ATG14	WIPI2
ATG14	ULK2
ATG14	ATG101
ATG14	BECN2
ATG14	PIK3R4
ATG14	NRBF2
ATG14	ULK1
ATG14	PIK3C3
ATG14	BECN1
ATG2A	WIPI1
ATG2A	WIPI2
ATG2A	ULK1
ATG2A	ATG2B
ATG2A	ULK2
ATG2B	WIPI1
ATG2B	WIPI2
ATG2B	ULK1
ATG2B	ATG2A
ATG2B	ULK2
ATP2A1	ATP2A3
ATP2A1	ATP2A2
ATP2A2	ATP2A1
ATP2A2	ATP2A3
ATP2A2	ITPR3
ATP2A3	ATP2A1
ATP2A3	ATP2A2
ATP5F1A	UQCRC1
ATP5F1A	ATP5F1D
ATP5F1A	ATP5F1E
ATP5F1A	COX5B
ATP5F1A	ATP5F1B
ATP5F1A	NDUFS3
ATP5F1A	SDHA
ATP5F1A	NDUFA9
ATP5F1A	UQCRC2
ATP5F1A	ATP5MC3
ATP5F1A	ATP5PO
ATP5F1A	NDUFB8
ATP5F1A	ATP5PD
ATP5F1A	UQCRFS1
ATP5F1A	CYC1
ATP5F1A	COX5A
ATP5F1A	ATP5F1C
ATP5F1A	MT-CO1
ATP5F1A	MT-ATP6
ATP5F1A	MT-ATP8
ATP5F1A	NDUFS2
ATP5F1A	ATP5PB
ATP5F1A	SDHB
ATP5F1A	ATP5MC1
ATP5F1A	COX4I1
ATP5F1A	NDUFV1
ATP5F1A	NDUFS1
ATP5F1A	ATP5MC2
ATP5F1A	ATP5PF
ATP5F1B	UQCRC1
ATP5F1B	ATP5F1D
ATP5F1B	ATP5F1E
ATP5F1B	NDUFA10
ATP5F1B	UQCRFS1
ATP5F1B	SDHA
ATP5F1B	UQCRC2
ATP5F1B	NDUFA9
ATP5F1B	COX4I1
ATP5F1B	COX5A
ATP5F1B	NDUFS2
ATP5F1B	CYC1
ATP5F1B	NDUFS1
ATP5F1B	ATP5MC2
ATP5F1B	ATP5MC3
ATP5F1B	ATP5MC1
ATP5F1B	MT-ATP8
ATP5F1B	ATP5F1A
ATP5F1B	ATP5PD
ATP5F1B	MT-ATP6
ATP5F1B	ATP5PF
ATP5F1B	ATP5PO
ATP5F1B	ATP5PB
ATP5F1B	ATP5F1C
ATP5F1C	UQCRC1
ATP5F1C	ATP5F1D
ATP5F1C	ATP5F1E
ATP5F1C	NDUFA10
ATP5F1C	COX5B
ATP5F1C	NDUFB5
ATP5F1C	ATP5F1B
ATP5F1C	NDUFS3
ATP5F1C	NDUFA9
ATP5F1C	UQCRC2
ATP5F1C	NDUFB9
ATP5F1C	ATP5MC3
ATP5F1C	ATP5PO
ATP5F1C	NDUFS4
ATP5F1C	NDUFB8
ATP5F1C	ATP5PD
ATP5F1C	UQCRFS1
ATP5F1C	NDUFS8
ATP5F1C	CYC1
ATP5F1C	COX5A
ATP5F1C	NDUFV2
ATP5F1C	NDUFA12
ATP5F1C	COX4I1
ATP5F1C	UQCRQ
ATP5F1C	NDUFB6
ATP5F1C	NDUFV1
ATP5F1C	NDUFS2
ATP5F1C	NDUFS1
ATP5F1C	UQCRB
ATP5F1C	SDHB
ATP5F1C	MT-ATP8
ATP5F1C	ATP5MC2
ATP5F1C	ATP5PB
ATP5F1C	ATP5F1A
ATP5F1C	MT-ATP6
ATP5F1C	ATP5PF
ATP5F1C	ATP5MC1
ATP5F1D	UQCRC1
ATP5F1D	COX7C
ATP5F1D	NDUFB5
ATP5F1D	NDUFS2
ATP5F1D	NDUFA7
ATP5F1D	NDUFS6
ATP5F1D	NDUFB9
ATP5F1D	UQCR11
ATP5F1D	NDUFAB1
ATP5F1D	NDUFB10
ATP5F1D	UQCRB
ATP5F1D	SDHB
ATP5F1D	COX4I1
ATP5F1D	NDUFA13
ATP5F1D	NDUFB8
ATP5F1D	UQCRQ
ATP5F1D	NDUFV2
ATP5F1D	NDUFS3
ATP5F1D	UQCRFS1
ATP5F1D	NDUFB7
ATP5F1D	COX5B
ATP5F1D	NDUFV1
ATP5F1D	NDUFS8
ATP5F1D	COX5A
ATP5F1D	CYC1
ATP5F1D	NDUFS7
ATP5F1D	MT-ATP8
ATP5F1D	ATP5MC2
ATP5F1D	ATP5F1A
ATP5F1D	MT-ATP6
ATP5F1D	ATP5PD
ATP5F1D	ATP5MC1
ATP5F1D	ATP5MC3
ATP5F1D	ATP5PF
ATP5F1D	ATP5F1B
ATP5F1D	ATP5PO
ATP5F1D	ATP5PB
ATP5F1D	ATP5F1E
ATP5F1D	ATP5F1C
ATP5F1E	ATP5F1D
ATP5F1E	UQCR11
ATP5F1E	COX7C
ATP5F1E	UQCR10
ATP5F1E	ATP5MC2
ATP5F1E	MT-ATP8
ATP5F1E	ATP5MC3
ATP5F1E	ATP5MC1
ATP5F1E	ATP5PO
ATP5F1E	ATP5F1B
ATP5F1E	ATP5F1C
ATP5F1E	ATP5PB
ATP5F1E	MT-ATP6
ATP5F1E	ATP5PD
ATP5F1E	ATP5F1A
ATP5F1E	ATP5PF
ATP5MC1	ATP5F1D
ATP5MC1	ATP5F1E
ATP5MC1	ATP5F1B
ATP5MC1	ATP5MC3
ATP5MC1	ATP5PO
ATP5MC1	NDUFB8
ATP5MC1	ATP5PD
ATP5MC1	UQCRFS1
ATP5MC1	CYC1
ATP5MC1	ATP5F1C
ATP5MC1	MT-ATP6
ATP5MC1	MT-ATP8
ATP5MC1	ATP5PB
ATP5MC1	ATP5MC2
ATP5MC1	ATP5PF
ATP5MC1	ATP5F1A
ATP5MC2	ATP5F1D
ATP5MC2	ATP5F1E
ATP5MC2	ATP5F1B
ATP5MC2	ATP5MC3
ATP5MC2	ATP5PO
ATP5MC2	ATP5PD
ATP5MC2	UQCRFS1
ATP5MC2	ATP5F1C
ATP5MC2	MT-ATP6
ATP5MC2	MT-ATP8
ATP5MC2	ATP5PB
ATP5MC2	ATP5MC1
ATP5MC2	ATP5F1A
ATP5MC2	ATP5PF
ATP5MC3	ATP5F1D
ATP5MC3	ATP5F1E
ATP5MC3	ATP5F1B
ATP5MC3	COX5A
ATP5MC3	UQCRFS1
ATP5MC3	MT-ATP8
ATP5MC3	ATP5PO
ATP5MC3	ATP5PF
ATP5MC3	ATP5MC2
ATP5MC3	ATP5PD
ATP5MC3	MT-ATP6
ATP5MC3	ATP5F1A
ATP5MC3	ATP5MC1
ATP5MC3	ATP5F1C
ATP5MC3	ATP5PB
ATP5PB	UQCRC1
ATP5PB	ATP5F1D
ATP5PB	ATP5F1E
ATP5PB	NDUFB5
ATP5PB	ATP5F1B
ATP5PB	UQCRC2
ATP5PB	ATP5MC3
ATP5PB	ATP5PO
ATP5PB	ATP5PD
ATP5PB	UQCRFS1
ATP5PB	CYC1
ATP5PB	COX5A
ATP5PB	NDUFV2
ATP5PB	NDUFA12
ATP5PB	ATP5F1C
ATP5PB	MT-ATP6
ATP5PB	MT-ATP8
ATP5PB	NDUFB6
ATP5PB	COX4I1
ATP5PB	UQCRB
ATP5PB	ATP5MC2
ATP5PB	ATP5F1A
ATP5PB	ATP5PF
ATP5PB	ATP5MC1
ATP5PD	ATP5F1D
ATP5PD	ATP5F1E
ATP5PD	NDUFA2
ATP5PD	COX5B
ATP5PD	NDUFB5
ATP5PD	ATP5F1B
ATP5PD	NDUFS3
ATP5PD	NDUFB10
ATP5PD	NDUFS6
ATP5PD	NDUFB9
ATP5PD	ATP5MC3
ATP5PD	ATP5PO
ATP5PD	NDUFS4
ATP5PD	NDUFB8
ATP5PD	NDUFA7
ATP5PD	NDUFV2
ATP5PD	UQCRH
ATP5PD	NDUFA13
ATP5PD	SDHB
ATP5PD	COX7A2
ATP5PD	NDUFB6
ATP5PD	NDUFB3
ATP5PD	UQCR11
ATP5PD	NDUFA6
ATP5PD	NDUFA5
ATP5PD	COX4I1
ATP5PD	UQCR10
ATP5PD	COX7C
ATP5PD	NDUFA12
ATP5PD	UQCRQ
ATP5PD	NDUFA8
ATP5PD	COX6C
ATP5PD	UQCRB
ATP5PD	COX5A
ATP5PD	ATP5MC2
ATP5PD	MT-ATP8
ATP5PD	ATP5PB
ATP5PD	ATP5F1C
ATP5PD	ATP5PF
ATP5PD	ATP5MC1
ATP5PD	ATP5F1A
ATP5PD	MT-ATP6
ATP5PF	ATP5F1D
ATP5PF	ATP5F1E
ATP5PF	NDUFB5
ATP5PF	ATP5F1B
ATP5PF	NDUFS3
ATP5PF	NDUFB9
ATP5PF	ATP5MC3
ATP5PF	ATP5PO
ATP5PF	NDUFA7
ATP5PF	ATP5PD
ATP5PF	COX5A
ATP5PF	NDUFV2
ATP5PF	NDUFA12
ATP5PF	NDUFA4
ATP5PF	ATP5F1C
ATP5PF	MT-ATP6
ATP5PF	MT-ATP8
ATP5PF	ATP5PB
ATP5PF	COX7A2
ATP5PF	UQCRQ
ATP5PF	NDUFB6
ATP5PF	ATP5MC1
ATP5PF	ATP5F1A
ATP5PF	COX6C
ATP5PF	NDUFA13
ATP5PF	UQCRB
ATP5PF	UQCR11
ATP5PF	NDUFB3
ATP5PF	NDUFA6
ATP5PF	COX7C
ATP5PF	NDUFA5
ATP5PF	ATP5MC2
ATP5PO	ATP5F1D
ATP5PO	PPIF
ATP5PO	ATP5F1E
ATP5PO	COX5B
ATP5PO	ATP5F1B
ATP5PO	NDUFS3
ATP5PO	UQCRC2
ATP5PO	ATP5MC3
ATP5PO	NDUFA12
ATP5PO	CYC1
ATP5PO	NDUFV2
ATP5PO	COX7C
ATP5PO	UQCRFS1
ATP5PO	UQCRB
ATP5PO	COX5A
ATP5PO	NDUFS4
ATP5PO	PPID
ATP5PO	ATP5MC2
ATP5PO	ATP5MC1
ATP5PO	MT-ATP8
ATP5PO	ATP5PF
ATP5PO	ATP5F1A
ATP5PO	MT-ATP6
ATP5PO	ATP5PD
ATP5PO	ATP5PB
ATP5PO	ATP5F1C
AXIN1	DVL2
AXIN1	APC
AXIN1	LRP6
AXIN1	AKT1
AXIN1	WNT1
AXIN1	FZD1
AXIN1	CSNK1A1L
AXIN1	WNT3A
AXIN1	DVL3
AXIN1	FRAT1
AXIN1	CSNK1E
AXIN1	APC2
AXIN1	CTNNB1
AXIN1	DVL1
AXIN1	AXIN2
AXIN1	GSK3B
AXIN1	LRP5
AXIN2	DVL2
AXIN2	APC
AXIN2	AXIN1
AXIN2	CSNK1E
AXIN2	CSNK1A1L
AXIN2	DVL3
AXIN2	APC2
AXIN2	DVL1
AXIN2	GSK3B
AXIN2	CTNNB1
BACE1	ADAM10
BACE1	APP
BACE1	BACE2
BACE1	PSEN1
BACE1	RTN3
BACE1	RTN4
BACE2	BACE1
BACE2	RTN4
BACE2	RTN3
BAD	MAPK1
BAD	PPP3R1
BAD	MAPK3
BAD	MAP2K1
BAD	AKT2
BAD	PPP3CB
BAD	PPP3CA
BAD	PPP3R2
BAD	PPP3CC
BAD	MAPK9
BAD	AKT3
BAD	MAPK8
BAD	RAF1
BAD	AKT1
BECN1	RB1CC1
BECN1	ATG14
BECN1	TRAF2
BECN1	PIK3C3
BECN1	WIPI1
BECN1	NRBF2
BECN1	WIPI2
BECN1	IRS1
BECN1	ITPR1
BECN1	CASP3
BECN1	ULK1
BECN1	CASP9
BECN1	ATG101
BECN1	PIK3R4
BECN1	CASP8
BECN1	AKT1
BECN1	BECN2
BECN1	ITPR3
BECN1	ULK2
BECN2	RB1CC1
BECN2	ATG14
BECN2	PIK3C3
BECN2	NRBF2
BECN2	ITPR1
BECN2	ULK1
BECN2	ATG101
BECN2	PIK3R4
BECN2	BECN1
BECN2	ULK2
BID	CAPN2
BID	FADD
BID	MAPK9
BID	CAPN1
BID	MAPK8
BID	CASP8
BRAF	MAPK1
BRAF	KRAS
BRAF	MAP2K2
BRAF	MAPK3
BRAF	PIK3CA
BRAF	ARAF
BRAF	MAP2K1
BRAF	GSK3B
BRAF	NRAS
BRAF	RAF1
BRAF	HRAS
CACNA1C	PPP3CC
CACNA1C	PPP3CB
CACNA1C	NOS1
CACNA1C	PPP3CA
CACNA1C	INS
CACNA1C	CACNA1F
CACNA1C	CACNA1D
CACNA1C	CACNA1S
CACNA1C	CALML3
CACNA1C	CALML6
CACNA1C	CALML5
CACNA1C	CALM3
CACNA1C	CALML4
CACNA1D	CACNA1C
CACNA1D	PPP3CB
CACNA1D	PPP3CC
CACNA1D	PPP3CA
CACNA1D	NOS1
CACNA1D	INS
CACNA1D	CACNA1S
CACNA1D	CACNA1F
CACNA1D	CALML4
CACNA1D	CALML6
CACNA1D	CALML5
CACNA1D	CALML3
CACNA1D	CALM3
CACNA1F	CACNA1C
CACNA1F	CACNA1D
CACNA1F	CACNA1S
CACNA1S	CACNA1C
CACNA1S	CACNA1D
CACNA1S	CALM3
CACNA1S	CALML3
CACNA1S	CALML5
CACNA1S	CACNA1F
CALM3	PPP3R1
CALM3	KRAS
CALM3	PIK3C3
CALM3	CACNA1C
CALM3	CACNA1D
CALM3	GRIN2A
CALM3	GRIN2B
CALM3	ITPR2
CALM3	PPP3CC
CALM3	NRAS
CALM3	HRAS
CALM3	ITPR1
CALM3	ITPR3
CALM3	PPP3CB
CALM3	CACNA1S
CALM3	SNCA
CALM3	CALML4
CALM3	RYR3
CALM3	GRIN1
CALM3	CALML5
CALM3	CALML3
CALM3	CALML6
CALM3	PPP3CA
CALM3	NOS2
CALM3	NOS1
CALML3	PPP3R1
CALML3	KRAS
CALML3	PIK3C3
CALML3	CACNA1C
CALML3	CACNA1D
CALML3	CALM3
CALML3	CALML6
CALML3	ITPR1
CALML3	CACNA1S
CALML3	GRIN2B
CALML3	SNCA
CALML3	ITPR2
CALML3	PPP3CC
CALML3	NRAS
CALML3	GRIN1
CALML3	HRAS
CALML3	CALML4
CALML3	RYR3
CALML3	CALML5
CALML3	PPP3CB
CALML3	ITPR3
CALML3	NOS2
CALML3	PPP3CA
CALML3	NOS1
CALML4	PPP3R1
CALML4	KRAS
CALML4	PIK3C3
CALML4	CACNA1C
CALML4	CACNA1D
CALML4	CALM3
CALML4	CALML6
CALML4	ITPR1
CALML4	CALML3
CALML4	NOS2
CALML4	NRAS
CALML4	GRIN1
CALML4	ITPR3
CALML4	CALML5
CALML4	ITPR2
CALML4	PPP3CB
CALML4	PPP3CA
CALML4	PPP3CC
CALML4	HRAS
CALML4	GRIN2B
CALML4	SNCA
CALML4	RYR3
CALML4	NOS1
CALML5	PPP3R1
CALML5	KRAS
CALML5	PIK3C3
CALML5	CACNA1C
CALML5	CACNA1D
CALML5	CALM3
CALML5	CALML6
CALML5	ITPR1
CALML5	CALML3
CALML5	NOS2
CALML5	CACNA1S
CALML5	NRAS
CALML5	GRIN1
CALML5	ITPR3
CALML5	GRIN2B
CALML5	SNCA
CALML5	ITPR2
CALML5	PPP3CC
CALML5	HRAS
CALML5	CALML4
CALML5	RYR3
CALML5	PPP3CB
CALML5	PPP3CA
CALML5	NOS1
CALML6	PPP3R1
CALML6	KRAS
CALML6	PIK3C3
CALML6	CACNA1C
CALML6	CACNA1D
CALML6	CALM3
CALML6	GRIN2B
CALML6	SNCA
CALML6	ITPR2
CALML6	PPP3CC
CALML6	RYR3
CALML6	NRAS
CALML6	GRIN1
CALML6	HRAS
CALML6	CALML4
CALML6	CALML3
CALML6	CALML5
CALML6	PPP3CB
CALML6	ITPR3
CALML6	ITPR1
CALML6	NOS2
CALML6	PPP3CA
CALML6	NOS1
CAPN1	IL1A
CAPN1	CAPN2
CAPN1	CDK5R1
CAPN1	BID
CAPN2	IL1A
CAPN2	CDK5R1
CAPN2	BID
CAPN2	CAPN1
CASP3	MAPK1
CASP3	MAPK3
CASP3	APP
CASP3	FADD
CASP3	CYCS
CASP3	FAS
CASP3	BECN1
CASP3	TNF
CASP3	MAPK8
CASP3	AKT1
CASP3	CASP7
CASP3	CTNNB1
CASP3	MAPT
CASP3	CASP8
CASP3	CASP9
CASP3	APAF1
CASP7	CYCS
CASP7	CASP3
CASP7	CASP9
CASP7	MAPT
CASP7	CASP8
CASP7	APAF1
CASP8	TNFRSF1A
CASP8	TRAF2
CASP8	IL1B
CASP8	FADD
CASP8	CYCS
CASP8	CASP3
CASP8	BID
CASP8	CASP9
CASP8	BECN1
CASP8	CHUK
CASP8	APAF1
CASP8	CASP7
CASP8	TNF
CASP8	FAS
CASP9	CYCS
CASP9	CASP3
CASP9	BECN1
CASP9	AKT3
CASP9	AKT2
CASP9	CASP8
CASP9	CASP7
CASP9	AKT1
CASP9	APAF1
CDK5	CDK5R1
CDK5	MAPT
CDK5R1	CAPN2
CDK5R1	CAPN1
CDK5R1	MAPT
CDK5R1	CDK5
CHRM1	CHRM3
CHRM1	GNAQ
CHRM1	GRM5
CHRM1	CHRM5
CHRM3	CHRM1
CHRM3	GRM5
CHRM3	CHRM5
CHRM3	GNAQ
CHRM5	CHRM3
CHRM5	GNAQ
CHRM5	GRM5
CHRM5	CHRM1
CHUK	TNFRSF1A
CHUK	NFKB1
CHUK	EIF2AK2
CHUK	GPR83
CHUK	TRAF2
CHUK	IRS1
CHUK	EIF2AK3
CHUK	CASP8
CHUK	MTOR
CHUK	IRS4
CHUK	AKT3
CHUK	AKT2
CHUK	IRS2
CHUK	AKT1
CHUK	RELA
CHUK	TNF
CHUK	IKBKB
COX4I1	NDUFB4
COX4I1	UQCRC1
COX4I1	ATP5F1D
COX4I1	NDUFB7
COX4I1	COX6A1
COX4I1	NDUFS7
COX4I1	NDUFA2
COX4I1	NDUFA10
COX4I1	COX5B
COX4I1	NDUFB5
COX4I1	ATP5F1B
COX4I1	NDUFS3
COX4I1	NDUFA9
COX4I1	UQCRC2
COX4I1	NDUFB10
COX4I1	NDUFS6
COX4I1	NDUFB9
COX4I1	NDUFC2
COX4I1	COX6A2
COX4I1	COX7A1
COX4I1	NDUFS4
COX4I1	NDUFB8
COX4I1	NDUFA7
COX4I1	ATP5PD
COX4I1	UQCRFS1
COX4I1	CYCS
COX4I1	UQCRH
COX4I1	NDUFS8
COX4I1	CYC1
COX4I1	COX5A
COX4I1	COX8A
COX4I1	NDUFV2
COX4I1	NDUFA12
COX4I1	UQCR10
COX4I1	NDUFA4
COX4I1	NDUFV3
COX4I1	ATP5F1C
COX4I1	MT-CO1
COX4I1	MT-CYB
COX4I1	MT-ND6
COX4I1	MT-ND1
COX4I1	MT-ND5
COX4I1	MT-CO2
COX4I1	MT-ND4
COX4I1	MT-CO3
COX4I1	MT-ND2
COX4I1	NDUFS2
COX4I1	ATP5PB
COX4I1	COX7A2
COX4I1	NDUFA1
COX4I1	NDUFS5
COX4I1	NDUFA8
COX4I1	SDHB
COX4I1	COX4I2
COX4I1	COX7A2L
COX4I1	UQCRQ
COX4I1	NDUFB6
COX4I1	COX7B2
COX4I1	ATP5F1A
COX4I1	NDUFA11
COX4I1	NDUFS1
COX4I1	NDUFB3
COX4I1	NDUFA5
COX4I1	NDUFA3
COX4I1	NDUFA13
COX4I1	COX7C
COX4I1	COX6C
COX4I1	UQCRB
COX4I1	COX6B2
COX4I1	NDUFB1
COX4I1	UQCRHL
COX4I1	NDUFAB1
COX4I1	NDUFA6
COX4I1	NDUFV1
COX4I1	UQCR11
COX4I1	COX7B
COX4I1	COX6B1
COX4I2	UQCRC1
COX4I2	COX6A1
COX4I2	COX5B
COX4I2	NDUFA9
COX4I2	UQCRC2
COX4I2	NDUFB10
COX4I2	COX6A2
COX4I2	COX7A1
COX4I2	UQCRFS1
COX4I2	CYCS
COX4I2	UQCRH
COX4I2	CYC1
COX4I2	COX5A
COX4I2	UQCR10
COX4I2	MT-CO1
COX4I2	MT-CO2
COX4I2	MT-CO3
COX4I2	NDUFS2
COX4I2	COX4I1
COX4I2	NDUFA13
COX4I2	COX7B
COX4I2	UQCRHL
COX4I2	COX6B2
COX4I2	UQCR11
COX4I2	COX6B1
COX4I2	COX6C
COX4I2	UQCRB
COX4I2	COX7C
COX4I2	UQCRQ
COX5A	NDUFB4
COX5A	UQCRC1
COX5A	ATP5F1D
COX5A	NDUFB7
COX5A	COX6A1
COX5A	NDUFS7
COX5A	NDUFA2
COX5A	NDUFA10
COX5A	COX5B
COX5A	NDUFB5
COX5A	ATP5F1B
COX5A	NDUFS3
COX5A	NDUFA9
COX5A	UQCRC2
COX5A	NDUFB10
COX5A	NDUFS6
COX5A	NDUFB9
COX5A	NDUFC2
COX5A	ATP5MC3
COX5A	COX6A2
COX5A	ATP5PO
COX5A	COX7A1
COX5A	NDUFS4
COX5A	NDUFB8
COX5A	NDUFA7
COX5A	ATP5PD
COX5A	UQCRFS1
COX5A	CYCS
COX5A	UQCRH
COX5A	NDUFS8
COX5A	CYC1
COX5A	MT-ND5
COX5A	MT-ND1
COX5A	UQCRHL
COX5A	NDUFA3
COX5A	NDUFB1
COX5A	NDUFC1
COX5A	SDHD
COX5A	NDUFA11
COX5A	NDUFV3
COX5A	NDUFA1
COX5A	ATP5PF
COX5A	SDHB
COX5A	NDUFB3
COX5A	NDUFS5
COX5A	NDUFS1
COX5A	COX7A2L
COX5A	ATP5PB
COX5A	ATP5F1A
COX5A	NDUFS2
COX5A	NDUFA5
COX5A	NDUFA13
COX5A	NDUFAB1
COX5A	NDUFV1
COX5A	NDUFA6
COX5A	COX6B2
COX5A	MT-CYB
COX5A	ATP5F1C
COX5A	NDUFA8
COX5A	COX7A2
COX5A	NDUFB6
COX5A	NDUFV2
COX5A	COX7B
COX5A	COX8A
COX5A	NDUFA4
COX5A	NDUFA12
COX5A	UQCR11
COX5A	COX6C
COX5A	MT-CO2
COX5A	COX4I2
COX5A	COX4I1
COX5A	COX7C
COX5A	MT-CO3
COX5A	COX6B1
COX5A	UQCR10
COX5A	UQCRQ
COX5A	MT-CO1
COX5A	UQCRB
COX5B	NDUFB4
COX5B	UQCRC1
COX5B	ATP5F1D
COX5B	NDUFB7
COX5B	COX6A1
COX5B	NDUFS7
COX5B	NDUFA2
COX5B	NDUFA10
COX5B	MT-ND3
COX5B	MT-ND4
COX5B	NDUFV3
COX5B	MT-ND1
COX5B	ATP5F1A
COX5B	SDHA
COX5B	NDUFC1
COX5B	ATP5F1C
COX5B	NDUFAB1
COX5B	SDHD
COX5B	NDUFB1
COX5B	COX7B2
COX5B	NDUFS1
COX5B	NDUFA3
COX5B	NDUFS5
COX5B	NDUFA1
COX5B	NDUFB2
COX5B	COX7A2L
COX5B	SDHB
COX5B	NDUFC2
COX5B	ATP5PO
COX5B	NDUFS4
COX5B	NDUFB6
COX5B	NDUFB3
COX5B	ATP5PD
COX5B	NDUFB10
COX5B	NDUFV1
COX5B	UQCRHL
COX5B	NDUFA7
COX5B	COX6B2
COX5B	NDUFA6
COX5B	NDUFS2
COX5B	NDUFS3
COX5B	NDUFA5
COX5B	NDUFA9
COX5B	NDUFV2
COX5B	NDUFA12
COX5B	NDUFB9
COX5B	NDUFB8
COX5B	NDUFB5
COX5B	NDUFA8
COX5B	MT-CYB
COX5B	NDUFA11
COX5B	CYCS
COX5B	COX4I2
COX5B	NDUFS6
COX5B	NDUFA13
COX5B	NDUFA4
COX5B	COX7A1
COX5B	NDUFS8
COX5B	COX7A2
COX5B	UQCRH
COX5B	COX7C
COX5B	UQCR10
COX5B	UQCR11
COX5B	COX8A
COX5B	COX6B1
COX5B	MT-CO3
COX5B	UQCRFS1
COX5B	UQCRC2
COX5B	CYC1
COX5B	COX4I1
COX5B	MT-CO2
COX5B	COX6C
COX5B	COX6A2
COX5B	UQCRB
COX5B	COX7B
COX5B	MT-CO1
COX5B	UQCRQ
COX5B	COX5A
COX6A1	UQCRC1
COX6A1	CYCS
COX6A1	MT-CYB
COX6A1	COX6A2
COX6A1	UQCRHL
COX6A1	COX6B2
COX6A1	UQCRH
COX6A1	UQCR11
COX6A1	COX7A1
COX6A1	UQCRC2
COX6A1	COX7A2L
COX6A1	CYC1
COX6A1	UQCRFS1
COX6A1	UQCR10
COX6A1	COX4I2
COX6A1	UQCRQ
COX6A1	COX7B
COX6A1	UQCRB
COX6A1	COX7A2
COX6A1	COX8A
COX6A1	NDUFA4
COX6A1	COX5B
COX6A1	COX6C
COX6A1	MT-CO2
COX6A1	COX4I1
COX6A1	COX7C
COX6A1	COX6B1
COX6A1	MT-CO3
COX6A1	MT-CO1
COX6A1	COX5A
COX6A2	NDUFB4
COX6A2	UQCRC1
COX6A2	NDUFB7
COX6A2	COX6A1
COX6A2	NDUFS7
COX6A2	NDUFA2
COX6A2	NDUFA10
COX6A2	COX5B
COX6A2	NDUFB5
COX6A2	NDUFS3
COX6A2	NDUFA9
COX6A2	UQCRC2
COX6A2	NDUFB10
COX6A2	NDUFS6
COX6A2	NDUFB9
COX6A2	NDUFC2
COX6A2	NDUFB3
COX6A2	NDUFA3
COX6A2	COX8A
COX6A2	NDUFS1
COX6A2	NDUFA7
COX6A2	NDUFA11
COX6A2	NDUFA1
COX6A2	UQCRHL
COX6A2	NDUFS2
COX6A2	NDUFAB1
COX6A2	NDUFS8
COX6A2	NDUFV1
COX6A2	NDUFV2
COX6A2	NDUFA13
COX6A2	NDUFB6
COX6A2	NDUFA4
COX6A2	NDUFS4
COX6A2	NDUFS5
COX6A2	NDUFB8
COX6A2	NDUFA6
COX6A2	NDUFA8
COX6A2	NDUFA5
COX6A2	NDUFA12
COX6A2	COX6B2
COX6A2	MT-CYB
COX6A2	UQCRH
COX6A2	COX7B
COX6A2	COX4I2
COX6A2	MT-CO1
COX6A2	MT-CO2
COX6A2	UQCR11
COX6A2	COX6C
COX6A2	UQCRFS1
COX6A2	CYC1
COX6A2	COX7A1
COX6A2	MT-CO3
COX6A2	UQCRQ
COX6A2	COX4I1
COX6A2	UQCRB
COX6A2	UQCR10
COX6A2	COX5A
COX6A2	COX7C
COX6A2	COX6B1
COX6B1	NDUFB4
COX6B1	UQCRC1
COX6B1	NDUFB7
COX6B1	COX6A1
COX6B1	NDUFS7
COX6B1	NDUFA2
COX6B1	NDUFA10
COX6B1	COX5B
COX6B1	NDUFB5
COX6B1	NDUFS3
COX6B1	NDUFA9
COX6B1	UQCRC2
COX6B1	NDUFB10
COX6B1	NDUFS6
COX6B1	NDUFB9
COX6B1	NDUFC2
COX6B1	COX6A2
COX6B1	COX7A1
COX6B1	NDUFS4
COX6B1	NDUFB8
COX6B1	NDUFA7
COX6B1	UQCRFS1
COX6B1	CYCS
COX6B1	UQCRH
COX6B1	NDUFS8
COX6B1	CYC1
COX6B1	COX5A
COX6B1	COX8A
COX6B1	NDUFV2
COX6B1	NDUFA12
COX6B1	UQCR10
COX6B1	NDUFA4
COX6B1	NDUFV3
COX6B1	MT-CO1
COX6B1	MT-CYB
COX6B1	MT-CO2
COX6B1	MT-ND4
COX6B1	MT-CO3
COX6B1	MT-ND2
COX6B1	NDUFS2
COX6B1	COX7A2
COX6B1	NDUFA1
COX6B1	NDUFS5
COX6B1	NDUFA8
COX6B1	COX4I2
COX6B1	COX7A2L
COX6B1	UQCRQ
COX6B1	NDUFB6
COX6B1	COX7B2
COX6B1	NDUFA11
COX6B1	NDUFS1
COX6B1	NDUFB3
COX6B1	NDUFA5
COX6B1	NDUFA3
COX6B1	NDUFA13
COX6B1	COX7C
COX6B1	COX6C
COX6B1	UQCRB
COX6B1	NDUFC1
COX6B1	COX4I1
COX6B1	NDUFAB1
COX6B1	UQCRHL
COX6B1	COX6B2
COX6B1	NDUFB1
COX6B1	NDUFV1
COX6B1	NDUFA6
COX6B1	COX7B
COX6B1	UQCR11
COX6B2	COX6A1
COX6B2	COX5B
COX6B2	UQCRC2
COX6B2	COX6A2
COX6B2	UQCRFS1
COX6B2	CYC1
COX6B2	COX5A
COX6B2	UQCR10
COX6B2	MT-CO1
COX6B2	MT-CO2
COX6B2	MT-CO3
COX6B2	COX4I2
COX6B2	UQCRQ
COX6B2	COX7C
COX6B2	COX6C
COX6B2	UQCRB
COX6B2	COX4I1
COX6B2	COX6B1
COX6B2	UQCR11
COX6C	NDUFB4
COX6C	UQCRC1
COX6C	COX6A1
COX6C	NDUFA2
COX6C	COX5B
COX6C	NDUFB5
COX6C	UQCRC2
COX6C	NDUFB10
COX6C	NDUFS6
COX6C	NDUFB9
COX6C	NDUFC2
COX6C	COX6A2
COX6C	COX7A1
COX6C	NDUFS4
COX6C	NDUFB8
COX6C	NDUFA7
COX6C	ATP5PD
COX6C	UQCRFS1
COX6C	CYCS
COX6C	UQCRH
COX6C	CYC1
COX6C	COX5A
COX6C	COX8A
COX6C	NDUFA12
COX6C	UQCR10
COX6C	NDUFA4
COX6C	MT-CO1
COX6C	MT-CYB
COX6C	MT-CO2
COX6C	MT-CO3
COX6C	COX7A2
COX6C	NDUFS5
COX6C	COX4I2
COX6C	COX7A2L
COX6C	UQCRQ
COX6C	COX7B2
COX6C	ATP5PF
COX6C	NDUFB3
COX6C	NDUFA5
COX6C	NDUFA13
COX6C	COX7C
COX6C	NDUFA6
COX6C	COX6B2
COX6C	UQCRHL
COX6C	UQCRB
COX6C	UQCR11
COX6C	COX4I1
COX6C	COX6B1
COX6C	COX7B
COX7A1	NDUFB4
COX7A1	UQCRC1
COX7A1	COX6A1
COX7A1	NDUFA2
COX7A1	COX5B
COX7A1	NDUFA9
COX7A1	UQCRC2
COX7A1	COX6A2
COX7A1	NDUFA5
COX7A1	NDUFB3
COX7A1	NDUFV3
COX7A1	COX4I2
COX7A1	NDUFB6
COX7A1	MT-ND5
COX7A1	COX7A2L
COX7A1	NDUFA1
COX7A1	NDUFB8
COX7A1	COX7A2
COX7A1	COX6C
COX7A1	MT-CYB
COX7A1	COX7B
COX7A1	MT-CO1
COX7A1	UQCRH
COX7A1	MT-CO3
COX7A1	CYC1
COX7A1	MT-CO2
COX7A1	UQCRFS1
COX7A1	UQCRQ
COX7A1	UQCR10
COX7A1	COX4I1
COX7A1	COX5A
COX7A1	COX7C
COX7A1	UQCRB
COX7A1	COX6B1
COX7A1	UQCR11
COX7A2	COX6A1
COX7A2	NDUFA2
COX7A2	COX5B
COX7A2	NDUFB9
COX7A2	COX7A1
COX7A2	ATP5PD
COX7A2	UQCRH
COX7A2	COX5A
COX7A2	COX8A
COX7A2	NDUFA4
COX7A2	MT-CO1
COX7A2	MT-CO2
COX7A2	MT-CO3
COX7A2	ATP5PF
COX7A2	COX7B2
COX7A2	COX7A2L
COX7A2	UQCR11
COX7A2	UQCRQ
COX7A2	COX7B
COX7A2	COX4I1
COX7A2	COX7C
COX7A2	COX6C
COX7A2	COX6B1
COX7A2L	UQCRC1
COX7A2L	COX6A1
COX7A2L	COX5B
COX7A2L	UQCRC2
COX7A2L	COX7A1
COX7A2L	NDUFS4
COX7A2L	UQCRFS1
COX7A2L	UQCRH
COX7A2L	CYC1
COX7A2L	COX5A
COX7A2L	COX8A
COX7A2L	NDUFA4
COX7A2L	MT-CO1
COX7A2L	MT-CO2
COX7A2L	MT-CO3
COX7A2L	COX7A2
COX7A2L	NDUFS5
COX7A2L	COX7B
COX7A2L	UQCRQ
COX7A2L	UQCRB
COX7A2L	COX6B1
COX7A2L	COX6C
COX7A2L	COX4I1
COX7A2L	COX7C
COX7B	NDUFB4
COX7B	UQCRC1
COX7B	NDUFB7
COX7B	COX6A1
COX7B	NDUFS7
COX7B	NDUFA2
COX7B	NDUFA10
COX7B	COX5B
COX7B	NDUFB5
COX7B	NDUFS3
COX7B	UQCRC2
COX7B	NDUFB10
COX7B	NDUFS6
COX7B	NDUFB9
COX7B	NDUFC2
COX7B	COX6A2
COX7B	COX7A1
COX7B	NDUFS4
COX7B	NDUFB8
COX7B	NDUFA7
COX7B	UQCRFS1
COX7B	UQCRH
COX7B	CYC1
COX7B	COX5A
COX7B	COX8A
COX7B	NDUFV2
COX7B	NDUFA12
COX7B	UQCR10
COX7B	NDUFA4
COX7B	NDUFV3
COX7B	MT-CO1
COX7B	MT-CYB
COX7B	MT-CO2
COX7B	MT-CO3
COX7B	NDUFS2
COX7B	COX7A2
COX7B	NDUFA1
COX7B	NDUFS5
COX7B	NDUFA8
COX7B	COX4I2
COX7B	COX7A2L
COX7B	UQCRQ
COX7B	NDUFB6
COX7B	COX7B2
COX7B	NDUFA11
COX7B	NDUFS1
COX7B	NDUFB3
COX7B	NDUFA5
COX7B	NDUFA3
COX7B	NDUFB2
COX7B	NDUFA13
COX7B	COX7C
COX7B	COX6C
COX7B	UQCRB
COX7B	NDUFC1
COX7B	COX4I1
COX7B	NDUFAB1
COX7B	COX6B1
COX7B	UQCR11
COX7B	NDUFA6
COX7B	NDUFB1
COX7B	NDUFV1
COX7B2	COX5B
COX7B2	UQCR10
COX7B2	COX7A2
COX7B2	UQCRQ
COX7B2	COX7B
COX7B2	COX7C
COX7B2	COX6B1
COX7B2	COX4I1
COX7B2	COX6C
COX7C	NDUFB4
COX7C	UQCRC1
COX7C	ATP5F1D
COX7C	NDUFB7
COX7C	COX6A1
COX7C	NDUFS7
COX7C	ATP5F1E
COX7C	NDUFA2
COX7C	NDUFA10
COX7C	COX5B
COX7C	NDUFB5
COX7C	NDUFS3
COX7C	NDUFA9
COX7C	UQCRC2
COX7C	NDUFB10
COX7C	NDUFS6
COX7C	NDUFB9
COX7C	NDUFC2
COX7C	COX6A2
COX7C	ATP5PO
COX7C	COX7A1
COX7C	NDUFS4
COX7C	NDUFB8
COX7C	NDUFA7
COX7C	ATP5PD
COX7C	UQCRFS1
COX7C	UQCRH
COX7C	NDUFS8
COX7C	CYC1
COX7C	COX5A
COX7C	COX8A
COX7C	NDUFV2
COX7C	NDUFA12
COX7C	UQCR10
COX7C	NDUFA4
COX7C	NDUFV3
COX7C	MT-CO1
COX7C	MT-CYB
COX7C	MT-ND5
COX7C	MT-CO2
COX7C	MT-CO3
COX7C	NDUFS2
COX7C	COX7A2
COX7C	NDUFA1
COX7C	NDUFS5
COX7C	NDUFA8
COX7C	COX4I2
COX7C	COX7A2L
COX7C	UQCRQ
COX7C	NDUFB6
COX7C	COX7B2
COX7C	NDUFA11
COX7C	ATP5PF
COX7C	NDUFS1
COX7C	NDUFB3
COX7C	NDUFA5
COX7C	NDUFA3
COX7C	NDUFB2
COX7C	NDUFA13
COX7C	NDUFV1
COX7C	NDUFAB1
COX7C	NDUFB1
COX7C	NDUFC1
COX7C	UQCRHL
COX7C	COX6B2
COX7C	NDUFA6
COX7C	UQCR11
COX7C	COX6B1
COX7C	COX4I1
COX7C	COX6C
COX7C	UQCRB
COX7C	COX7B
COX8A	COX6A1
COX8A	COX5B
COX8A	COX6A2
COX8A	COX5A
COX8A	COX7A2L
COX8A	COX8C
COX8A	MT-CO3
COX8A	MT-CO2
COX8A	COX7A2
COX8A	NDUFA4
COX8A	MT-CO1
COX8A	COX4I1
COX8A	COX7B
COX8A	COX7C
COX8A	COX6C
COX8A	COX6B1
COX8C	COX8A
CSNK1A1L	APC
CSNK1A1L	AXIN1
CSNK1A1L	AXIN2
CSNK1A1L	GSK3B
CSNK1A1L	APC2
CSNK1A1L	CTNNB1
CSNK1E	DVL2
CSNK1E	AXIN1
CSNK1E	AXIN2
CSNK1E	DVL3
CSNK1E	GSK3B
CSNK1E	DVL1
CSNK2A1	DVL2
CSNK2A1	CSNK2A3
CSNK2A1	CTNNB1
CSNK2A1	DVL3
CSNK2A1	DVL1
CSNK2A1	CSNK2A2
CSNK2A1	CSNK2B
CSNK2A2	DVL2
CSNK2A2	CSNK2A1
CSNK2A2	CSNK2A3
CSNK2A2	DVL3
CSNK2A2	DVL1
CSNK2A2	CTNNB1
CSNK2A2	KIF5C
CSNK2A2	CSNK2B
CSNK2A3	DVL2
CSNK2A3	CSNK2A1
CSNK2A3	CSNK2A2
CSNK2A3	DVL3
CSNK2A3	CSNK2B
CSNK2A3	DVL1
CSNK2A3	CTNNB1
CSNK2B	DVL2
CSNK2B	CSNK2A1
CSNK2B	CSNK2A2
CSNK2B	DVL3
CSNK2B	DVL1
CSNK2B	CTNNB1
CSNK2B	CSNK2A3
CTNNB1	DVL2
CTNNB1	CSNK2A1
CTNNB1	WNT3
CTNNB1	NFKB1
CTNNB1	APC
CTNNB1	LRP6
CTNNB1	AXIN1
CTNNB1	CSNK2A2
CTNNB1	PIK3CA
CTNNB1	WNT3A
CTNNB1	FZD1
CTNNB1	WNT1
CTNNB1	LRP5
CTNNB1	AXIN2
CTNNB1	CASP3
CTNNB1	FZD2
CTNNB1	GSK3B
CTNNB1	PSEN1
CTNNB1	DKK1
CTNNB1	CSNK2B
CTNNB1	DVL1
CTNNB1	CSNK1A1L
CTNNB1	RELA
CTNNB1	APC2
CTNNB1	AKT1
CTNNB1	CSNK2A3
CYBB	MAPK1
CYBB	MAPK3
CYBB	NOX4
CYBB	NOX1
CYBB	AGER
CYBB	AKT1
CYC1	NDUFB4
CYC1	UQCRC1
CYC1	ATP5F1D
CYC1	NDUFB7
CYC1	COX6A1
CYC1	NDUFS7
CYC1	NDUFA2
CYC1	NDUFA10
CYC1	COX5B
CYC1	NDUFB5
CYC1	ATP5F1B
CYC1	NDUFS3
CYC1	SDHA
CYC1	NDUFA9
CYC1	UQCRC2
CYC1	NDUFB10
CYC1	NDUFS6
CYC1	NDUFB9
CYC1	NDUFC2
CYC1	COX6A2
CYC1	ATP5PO
CYC1	COX7A1
CYC1	NDUFS4
CYC1	NDUFB8
CYC1	NDUFA7
CYC1	UQCRFS1
CYC1	CYCS
CYC1	UQCRH
CYC1	NDUFS8
CYC1	NDUFA3
CYC1	NDUFB1
CYC1	COX7A2L
CYC1	ATP5PB
CYC1	MT-ND6
CYC1	SDHC
CYC1	NDUFB3
CYC1	NDUFS5
CYC1	COX6B2
CYC1	ATP5MC1
CYC1	NDUFA11
CYC1	COX6C
CYC1	MT-ND4L
CYC1	ATP5F1C
CYC1	NDUFB6
CYC1	COX7B
CYC1	SDHB
CYC1	NDUFAB1
CYC1	UQCRHL
CYC1	MT-ND2
CYC1	MT-ND5
CYC1	ATP5F1A
CYC1	COX4I2
CYC1	COX6B1
CYC1	NDUFA13
CYC1	MT-ND1
CYC1	MT-ND3
CYC1	NDUFA6
CYC1	MT-ND4
CYC1	COX7C
CYC1	NDUFA5
CYC1	NDUFA8
CYC1	MT-CO2
CYC1	NDUFA12
CYC1	UQCR11
CYC1	UQCR10
CYC1	NDUFS2
CYC1	MT-CO3
CYC1	NDUFV1
CYC1	COX4I1
CYC1	UQCRB
CYC1	MT-CO1
CYC1	UQCRQ
CYC1	COX5A
CYC1	NDUFS1
CYC1	NDUFV2
CYC1	MT-CYB
CYCS	UQCRC1
CYCS	PPIF
CYCS	COX6A1
CYCS	COX5B
CYCS	SDHA
CYCS	UQCRC2
CYCS	SLC25A31
CYCS	SLC25A4
CYCS	ITPR1
CYCS	UQCRFS1
CYCS	SDHD
CYCS	SDHB
CYCS	COX6C
CYCS	COX6B1
CYCS	CASP7
CYCS	UQCRH
CYCS	UQCRQ
CYCS	SDHC
CYCS	COX5A
CYCS	INS
CYCS	CASP8
CYCS	COX4I2
CYCS	VDAC3
CYCS	SLC25A6
CYCS	UQCR10
CYCS	COX4I1
CYCS	SLC25A5
CYCS	ITPR3
CYCS	MT-CO3
CYCS	UQCRB
CYCS	MT-CO2
CYCS	VDAC2
CYCS	MT-CO1
CYCS	VDAC1
CYCS	CASP3
CYCS	MT-CYB
CYCS	CYC1
CYCS	APAF1
CYCS	CASP9
DDIT3	XBP1
DDIT3	EIF2S1
DDIT3	ATF4
DDIT3	ATF6
DKK1	DKK4
DKK1	WNT6
DKK1	LRP6
DKK1	WNT5A
DKK1	WNT2
DKK1	WNT3A
DKK1	DKK2
DKK1	FZD1
DKK1	WNT4
DKK1	WNT1
DKK1	LRP5
DKK1	WNT2B
DKK1	CTNNB1
DKK2	DKK4
DKK2	WNT6
DKK2	LRP6
DKK2	WNT3A
DKK2	DKK1
DKK2	WNT2B
DKK2	LRP5
DKK4	WNT3A
DKK4	DKK2
DKK4	DKK1
DKK4	WNT2B
DKK4	WNT6
DKK4	LRP5
DKK4	LRP6
DVL1	DVL2
DVL1	CSNK2A1
DVL1	FZD3
DVL1	APC
DVL1	LRP6
DVL1	AXIN1
DVL1	CSNK2A2
DVL1	WNT5A
DVL1	WNT3A
DVL1	FZD7
DVL1	GNAQ
DVL1	FZD1
DVL1	WNT1
DVL1	LRP5
DVL1	AXIN2
DVL1	DVL3
DVL1	FZD2
DVL1	GSK3B
DVL1	WNT11
DVL1	FZD6
DVL1	FZD5
DVL1	FRAT2
DVL1	FRAT1
DVL1	CSNK2B
DVL1	CSNK2A3
DVL1	APC2
DVL1	FZD4
DVL1	CSNK1E
DVL1	CTNNB1
DVL2	FRAT2
DVL2	CSNK2A3
DVL2	APC2
DVL2	GNAQ
DVL2	WNT3A
DVL2	CSNK2A2
DVL2	FRAT1
DVL2	FZD9
DVL2	FZD1
DVL2	CTNNB1
DVL2	FZD6
DVL2	FZD8
DVL2	CSNK2B
DVL2	CSNK2A1
DVL2	FZD2
DVL2	FZD5
DVL2	FZD7
DVL2	APC
DVL2	CSNK1E
DVL2	AXIN2
DVL2	GSK3B
DVL2	WNT5A
DVL2	FZD4
DVL2	DVL3
DVL2	DVL1
DVL2	LRP6
DVL2	AXIN1
DVL3	DVL2
DVL3	CSNK2A1
DVL3	APC
DVL3	LRP6
DVL3	AXIN1
DVL3	CSNK2A2
DVL3	WNT5A
DVL3	FZD7
DVL3	GNAQ
DVL3	AXIN2
DVL3	FZD5
DVL3	CSNK2A3
DVL3	APC2
DVL3	CSNK2B
DVL3	FRAT1
DVL3	FZD6
DVL3	FRAT2
DVL3	FZD8
DVL3	CSNK1E
DVL3	FZD4
DVL3	GSK3B
DVL3	DVL1
EIF2AK2	IRS4
EIF2AK2	ATF6
EIF2AK2	IRS2
EIF2AK2	FADD
EIF2AK2	IRS1
EIF2AK2	IKBKB
EIF2AK2	CHUK
EIF2AK2	EIF2S1
EIF2AK3	XBP1
EIF2AK3	EIF2S1
EIF2AK3	PSEN2
EIF2AK3	IKBKB
EIF2AK3	CHUK
EIF2AK3	PSEN1
EIF2AK3	ATF6
EIF2AK3	ATF4
EIF2S1	EIF2AK2
EIF2S1	ATF6
EIF2S1	DDIT3
EIF2S1	ATF4
EIF2S1	EIF2AK3
EIF2S1	PSMD14
ERN1	XBP1
ERN1	TRAF2
ERN1	PSEN1
ERN1	MAP3K5
ERN1	PSEN2
ERN1	ATF6
ERN1	TNF
FADD	TNFRSF1A
FADD	EIF2AK2
FADD	TRAF2
FADD	BID
FADD	CASP3
FADD	TNF
FADD	CASP8
FADD	FAS
FAS	TNFRSF1A
FAS	FADD
FAS	CASP3
FAS	CASP8
FAS	TNF
FRAT1	DVL2
FRAT1	AXIN1
FRAT1	DVL3
FRAT1	GSK3B
FRAT1	FRAT2
FRAT1	DVL1
FRAT2	DVL2
FRAT2	DVL3
FRAT2	GSK3B
FRAT2	DVL1
FRAT2	FRAT1
FZD1	DVL2
FZD1	WNT16
FZD1	WNT3
FZD1	WNT6
FZD1	WNT10A
FZD1	LRP6
FZD1	AXIN1
FZD1	WNT5A
FZD1	WNT2
FZD1	WNT3A
FZD1	WNT7A
FZD1	GNAQ
FZD1	DKK1
FZD1	WNT5B
FZD1	CTNNB1
FZD1	WNT2B
FZD1	WNT4
FZD1	WNT10B
FZD1	WNT7B
FZD1	DVL1
FZD1	WNT11
FZD1	WNT1
FZD1	LRP5
FZD10	WNT2
FZD10	WNT3A
FZD10	WNT2B
FZD10	GNAQ
FZD10	LRP6
FZD10	LRP5
FZD10	WNT11
FZD10	WNT7B
FZD10	WNT7A
FZD10	WNT1
FZD2	DVL2
FZD2	WNT16
FZD2	WNT6
FZD2	LRP6
FZD2	WNT5A
FZD2	WNT2
FZD2	WNT3A
FZD2	WNT7A
FZD2	GNAQ
FZD2	WNT4
FZD2	WNT1
FZD2	LRP5
FZD2	WNT8B
FZD2	CTNNB1
FZD2	DVL1
FZD2	WNT7B
FZD2	WNT5B
FZD2	WNT11
FZD3	WNT6
FZD3	LRP6
FZD3	GNAQ
FZD3	WNT2
FZD3	WNT2B
FZD3	LRP5
FZD3	WNT7A
FZD3	WNT7B
FZD3	WNT3A
FZD3	DVL1
FZD3	WNT1
FZD3	WNT5B
FZD3	WNT4
FZD3	WNT11
FZD3	WNT5A
FZD4	DVL2
FZD4	WNT16
FZD4	WNT6
FZD4	LRP6
FZD4	WNT5A
FZD4	WNT2
FZD4	WNT3A
FZD4	WNT7A
FZD4	GNAQ
FZD4	WNT9B
FZD4	WNT4
FZD4	WNT1
FZD4	LRP5
FZD4	DVL3
FZD4	WNT11
FZD4	WNT7B
FZD4	WNT2B
FZD4	DVL1
FZD4	WNT5B
FZD4	WNT8A
FZD5	DVL2
FZD5	WNT16
FZD5	WNT3
FZD5	WNT6
FZD5	WNT10A
FZD5	LRP6
FZD5	WNT5A
FZD5	WNT2
FZD5	WNT3A
FZD5	WNT7A
FZD5	GNAQ
FZD5	WNT9B
FZD5	WNT4
FZD5	WNT1
FZD5	LRP5
FZD5	WNT10B
FZD5	DVL3
FZD5	WNT11
FZD5	WNT7B
FZD5	WNT2B
FZD5	WNT5B
FZD5	WNT8A
FZD5	DVL1
FZD6	DVL2
FZD6	WNT16
FZD6	WNT3
FZD6	WNT6
FZD6	WNT10A
FZD6	LRP6
FZD6	WNT5A
FZD6	WNT2
FZD6	WNT3A
FZD6	WNT7A
FZD6	GNAQ
FZD6	WNT4
FZD6	WNT1
FZD6	LRP5
FZD6	DVL3
FZD6	WNT11
FZD6	WNT7B
FZD6	DVL1
FZD6	WNT5B
FZD7	DVL2
FZD7	WNT3
FZD7	WNT6
FZD7	WNT10A
FZD7	LRP6
FZD7	WNT5A
FZD7	WNT2
FZD7	WNT3A
FZD7	WNT7A
FZD7	GNAQ
FZD7	WNT2B
FZD7	WNT4
FZD7	LRP5
FZD7	WNT10B
FZD7	WNT5B
FZD7	DVL3
FZD7	WNT7B
FZD7	WNT1
FZD7	DVL1
FZD7	WNT11
FZD8	DVL2
FZD8	WNT3
FZD8	WNT6
FZD8	WNT10A
FZD8	LRP6
FZD8	WNT5A
FZD8	WNT2
FZD8	WNT3A
FZD8	GNAQ
FZD8	WNT4
FZD8	WNT1
FZD8	LRP5
FZD8	WNT10B
FZD8	DVL3
FZD8	WNT11
FZD8	WNT7B
FZD8	WNT2B
FZD8	WNT8A
FZD8	WNT5B
FZD9	DVL2
FZD9	WNT6
FZD9	LRP6
FZD9	WNT5A
FZD9	WNT2
FZD9	WNT3A
FZD9	WNT7A
FZD9	GNAQ
FZD9	WNT4
FZD9	WNT1
FZD9	LRP5
FZD9	WNT11
FZD9	WNT7B
FZD9	WNT2B
FZD9	WNT5B
GAPDH	TRAF2
GAPDH	APP
GAPDH	VDAC1
GAPDH	AKT1
GNAQ	DVL2
GNAQ	FZD10
GNAQ	FZD3
GNAQ	CHRM3
GNAQ	KRAS
GNAQ	PLCB2
GNAQ	PIK3CA
GNAQ	FZD7
GNAQ	DVL3
GNAQ	CHRM5
GNAQ	FZD2
GNAQ	FZD8
GNAQ	FZD5
GNAQ	FZD9
GNAQ	FZD4
GNAQ	DVL1
GNAQ	FZD1
GNAQ	FZD6
GNAQ	CHRM1
GNAQ	HRAS
GNAQ	PLCB4
GNAQ	NRAS
GNAQ	GRM5
GNAQ	PLCB1
GNAQ	PLCB3
GPR83	IRS4
GPR83	IRS2
GPR83	CHUK
GPR83	IRS1
GPR83	IKBKB
GRIN1	GRIN2D
GRIN1	CALM3
GRIN1	GRIN2C
GRIN1	CALML6
GRIN1	CALML3
GRIN1	GRIN2A
GRIN1	NOS1
GRIN1	CALML5
GRIN1	CALML4
GRIN1	GRIN2B
GRIN2A	GRIN2D
GRIN2A	CALM3
GRIN2A	GRIN2C
GRIN2A	NOS1
GRIN2A	GRIN1
GRIN2A	GRIN2B
GRIN2B	GRIN2D
GRIN2B	CALM3
GRIN2B	GRIN2C
GRIN2B	CALML6
GRIN2B	CALML3
GRIN2B	GRIN2A
GRIN2B	GRIN1
GRIN2B	CALML5
GRIN2B	CALML4
GRIN2B	NOS1
GRIN2C	GRIN2D
GRIN2C	NOS1
GRIN2C	GRIN2A
GRIN2C	GRIN2B
GRIN2C	GRIN1
GRIN2D	NOS1
GRIN2D	GRIN2B
GRIN2D	GRIN2A
GRIN2D	GRIN2C
GRIN2D	GRIN1
GRM5	CHRM3
GRM5	GNAQ
GRM5	CHRM5
GRM5	CHRM1
GSK3B	DVL2
GSK3B	PPP3R1
GSK3B	APC
GSK3B	KLC4
GSK3B	LRP6
GSK3B	AXIN1
GSK3B	MAP2K2
GSK3B	WNT3A
GSK3B	ARAF
GSK3B	WNT1
GSK3B	LRP5
GSK3B	MAP2K1
GSK3B	AXIN2
GSK3B	KIF5B
GSK3B	DVL3
GSK3B	PPP3R2
GSK3B	KIF5A
GSK3B	KIF5C
GSK3B	RAF1
GSK3B	BRAF
GSK3B	ATF4
GSK3B	KLC3
GSK3B	KLC1
GSK3B	KLC2
GSK3B	CSNK1A1L
GSK3B	PPP3CB
GSK3B	PPP3CA
GSK3B	AKT3
GSK3B	APC2
GSK3B	PPP3CC
GSK3B	AKT2
GSK3B	FRAT2
GSK3B	CSNK1E
GSK3B	PSEN1
GSK3B	AKT1
GSK3B	MAPT
GSK3B	FRAT1
GSK3B	DVL1
GSK3B	CTNNB1
HRAS	MAPK1
HRAS	PIK3R2
HRAS	KRAS
HRAS	PIK3R3
HRAS	MAP2K2
HRAS	MAPK3
HRAS	PIK3CA
HRAS	GNAQ
HRAS	ARAF
HRAS	CALM3
HRAS	MAP2K1
HRAS	CALML6
HRAS	CALML3
HRAS	NRAS
HRAS	AGER
HRAS	PIK3CD
HRAS	CALML5
HRAS	MAPK8
HRAS	MAPK9
HRAS	RAF1
HRAS	NOS1
HRAS	CALML4
HRAS	PIK3CB
HRAS	PIK3R1
HRAS	BRAF
IDE	MME
IDE	APP
IDE	INS
IKBKB	TNFRSF1A
IKBKB	NFKB1
IKBKB	EIF2AK2
IKBKB	GPR83
IKBKB	TRAF2
IKBKB	IRS1
IKBKB	EIF2AK3
IKBKB	CHUK
IKBKB	IRS4
IKBKB	IRS2
IKBKB	AKT2
IKBKB	RELA
IKBKB	TNF
IKBKB	AKT3
IKBKB	AKT1
IL1A	TNFRSF1A
IL1A	NFKB1
IL1A	CAPN2
IL1A	CAPN1
IL1A	IL6
IL1A	TNF
IL1A	IL1B
IL1B	TNFRSF1A
IL1B	NFKB1
IL1B	IL1A
IL1B	CASP8
IL1B	PTGS2
IL1B	RELA
IL1B	IL6
IL1B	TNF
IL6	TNFRSF1A
IL6	MAPK1
IL6	NFKB1
IL6	MAPK3
IL6	IL1A
IL6	IL1B
IL6	PTGS2
IL6	MAPK8
IL6	INS
IL6	RELA
IL6	TNF
INS	APOE
INS	IDE
INS	CACNA1C
INS	CACNA1D
INS	INSR
INS	IRS1
INS	CYCS
INS	IRS4
INS	IRS2
INS	TNF
INS	IL6
INS	AKT1
INSR	PIK3CA
INSR	PIK3CD
INSR	PIK3CB
INSR	IRS4
INSR	PIK3R1
INSR	IRS1
INSR	IRS2
INSR	INS
IRS1	PIK3R2
IRS1	EIF2AK2
IRS1	GPR83
IRS1	PIK3R3
IRS1	PIK3CA
IRS1	INSR
IRS1	BECN1
IRS1	MAPK9
IRS1	PIK3CD
IRS1	CHUK
IRS1	AKT1
IRS1	IRS4
IRS1	IKBKB
IRS1	MAPK8
IRS1	PIK3CB
IRS1	MTOR
IRS1	IRS2
IRS1	PIK3R1
IRS1	INS
IRS2	PIK3R2
IRS2	EIF2AK2
IRS2	GPR83
IRS2	PIK3R3
IRS2	PIK3CA
IRS2	INSR
IRS2	IRS1
IRS2	MTOR
IRS2	CHUK
IRS2	IRS4
IRS2	MAPK9
IRS2	PIK3CD
IRS2	MAPK8
IRS2	IKBKB
IRS2	PIK3CB
IRS2	PIK3R1
IRS2	INS
IRS4	PIK3R2
IRS4	EIF2AK2
IRS4	GPR83
IRS4	PIK3R3
IRS4	PIK3CA
IRS4	INSR
IRS4	IRS1
IRS4	MTOR
IRS4	CHUK
IRS4	MAPK9
IRS4	MAPK8
IRS4	IKBKB
IRS4	PIK3CD
IRS4	INS
IRS4	PIK3CB
IRS4	IRS2
IRS4	PIK3R1
ITPR1	PPIF
ITPR1	PLCB2
ITPR1	CALM3
ITPR1	CALML6
ITPR1	BECN2
ITPR1	NOS1
ITPR1	PSEN1
ITPR1	ITPR2
ITPR1	PLCB4
ITPR1	PLCB1
ITPR1	PSEN2
ITPR1	ITPR3
ITPR1	PLCB3
ITPR1	CALML4
ITPR1	AKT1
ITPR1	CALML5
ITPR1	CALML3
ITPR1	CYCS
ITPR1	VDAC1
ITPR1	BECN1
ITPR2	PLCB2
ITPR2	CALM3
ITPR2	CALML6
ITPR2	ITPR1
ITPR2	CALML3
ITPR2	PSEN1
ITPR2	PLCB1
ITPR2	PSEN2
ITPR2	ITPR3
ITPR2	PLCB4
ITPR2	CALML5
ITPR2	PLCB3
ITPR2	CALML4
ITPR3	PPIF
ITPR3	PLCB2
ITPR3	CALM3
ITPR3	CALML6
ITPR3	ITPR1
ITPR3	CYCS
ITPR3	CALML3
ITPR3	PSEN1
ITPR3	PLCB1
ITPR3	BECN1
ITPR3	PSEN2
ITPR3	ATP2A2
ITPR3	NOS1
ITPR3	PLCB4
ITPR3	ITPR2
ITPR3	AKT1
ITPR3	PLCB3
ITPR3	CALML4
ITPR3	CALML5
ITPR3	VDAC1
KIF5A	KLC4
KIF5A	KIF5B
KIF5A	GSK3B
KIF5A	KLC3
KIF5A	MAPK8
KIF5A	KIF5C
KIF5A	MAPK9
KIF5A	KLC2
KIF5A	SNCA
KIF5A	KLC1
KIF5B	KLC4
KIF5B	TUBB2B
KIF5B	MAPK9
KIF5B	MAPK8
KIF5B	SNCA
KIF5B	GSK3B
KIF5B	TUBA1B
KIF5B	TUBB2A
KIF5B	TUBA1A
KIF5B	KIF5C
KIF5B	KIF5A
KIF5B	KLC3
KIF5B	KLC2
KIF5B	KLC1
KIF5C	KLC4
KIF5C	TUBB2B
KIF5C	CSNK2A2
KIF5C	KIF5B
KIF5C	GSK3B
KIF5C	KLC3
KIF5C	MAPK8
KIF5C	MAPK9
KIF5C	SNCA
KIF5C	TUBA1A
KIF5C	KIF5A
KIF5C	KLC2
KIF5C	KLC1
KLC1	KLC4
KLC1	APP
KLC1	KIF5B
KLC1	GSK3B
KLC1	KLC3
KLC1	MAPK8
KLC1	KIF5C
KLC1	MAPK9
KLC1	KLC2
KLC1	KIF5A
KLC1	SNCA
KLC2	KLC4
KLC2	APP
KLC2	KIF5B
KLC2	GSK3B
KLC2	KLC3
KLC2	MAPK8
KLC2	KIF5C
KLC2	MAPK9
KLC2	SNCA
KLC2	KLC1
KLC2	KIF5A
KLC3	KLC4
KLC3	KIF5B
KLC3	GSK3B
KLC3	MAPK9
KLC3	MAPK8
KLC3	SNCA
KLC3	KLC2
KLC3	KLC1
KLC3	KIF5C
KLC3	KIF5A
KLC4	MAPK9
KLC4	MAPK8
KLC4	SNCA
KLC4	GSK3B
KLC4	KLC3
KLC4	KLC2
KLC4	KLC1
KLC4	KIF5A
KLC4	KIF5C
KLC4	KIF5B
KRAS	MAPK1
KRAS	PIK3R2
KRAS	NOS1
KRAS	AKT1
KRAS	MAPK9
KRAS	NRAS
KRAS	AGER
KRAS	MAPK8
KRAS	PIK3R3
KRAS	GNAQ
KRAS	PIK3R1
KRAS	MAP2K2
KRAS	PIK3CB
KRAS	PIK3CD
KRAS	MAPK3
KRAS	HRAS
KRAS	MAP2K1
KRAS	ARAF
KRAS	CALML5
KRAS	CALML3
KRAS	CALM3
KRAS	CALML6
KRAS	CALML4
KRAS	PIK3CA
KRAS	BRAF
KRAS	RAF1
LPL	LRP1
LPL	APOE
LRP1	APBB1
LRP1	APP
LRP1	LPL
LRP1	APOE
LRP5	DKK4
LRP5	WNT16
LRP5	WNT3
LRP5	FZD10
LRP5	WNT6
LRP5	FZD3
LRP5	APC
LRP5	WNT10A
LRP5	LRP6
LRP5	AXIN1
LRP5	WNT5A
LRP5	WNT2
LRP5	WNT3A
LRP5	WNT7A
LRP5	DKK2
LRP5	FZD7
LRP5	FZD1
LRP5	WNT4
LRP5	WNT1
LRP5	WNT8A
LRP5	FZD9
LRP5	WNT11
LRP5	WNT2B
LRP5	FZD6
LRP5	FZD5
LRP5	FZD2
LRP5	GSK3B
LRP5	FZD8
LRP5	WNT7B
LRP5	CTNNB1
LRP5	WNT10B
LRP5	FZD4
LRP5	DKK1
LRP5	DVL1
LRP6	DVL2
LRP6	DKK4
LRP6	WNT3
LRP6	FZD10
LRP6	FZD3
LRP6	WNT10A
LRP6	WNT5B
LRP6	WNT4
LRP6	DVL3
LRP6	FZD9
LRP6	WNT2B
LRP6	FZD2
LRP6	WNT5A
LRP6	WNT7B
LRP6	FZD6
LRP6	FZD5
LRP6	FZD1
LRP6	WNT10B
LRP6	WNT2
LRP6	WNT7A
LRP6	FZD7
LRP6	CTNNB1
LRP6	FZD8
LRP6	GSK3B
LRP6	DVL1
LRP6	WNT3A
LRP6	WNT1
LRP6	DKK1
LRP6	FZD4
LRP6	AXIN1
LRP6	DKK2
LRP6	LRP5
MAP2K1	MAPK1
MAP2K1	KRAS
MAP2K1	MAP2K2
MAP2K1	MAPK3
MAP2K1	ARAF
MAP2K1	BAD
MAP2K1	MAPK9
MAP2K1	MAPK8
MAP2K1	GSK3B
MAP2K1	NRAS
MAP2K1	HRAS
MAP2K1	BRAF
MAP2K1	RAF1
MAP2K2	MAPK1
MAP2K2	KRAS
MAP2K2	MAPK8
MAP2K2	MAPK9
MAP2K2	GSK3B
MAP2K2	NRAS
MAP2K2	HRAS
MAP2K2	MAPK3
MAP2K2	ARAF
MAP2K2	MAP2K1
MAP2K2	RAF1
MAP2K2	BRAF
MAP2K7	TRAF2
MAP2K7	MAP3K5
MAP2K7	MAPK8
MAP2K7	MAPK9
MAP3K5	RB1CC1
MAP3K5	TRAF2
MAP3K5	AKT3
MAP3K5	MAPK9
MAP3K5	AKT2
MAP3K5	MAP2K7
MAP3K5	MAPK8
MAP3K5	AKT1
MAP3K5	ERN1
MAPK1	NOS1
MAPK1	BAD
MAPK1	CYBB
MAPK1	AKT3
MAPK1	AKT2
MAPK1	IL6
MAPK1	BRAF
MAPK1	MAPT
MAPK1	NRAS
MAPK1	CASP3
MAPK1	RAF1
MAPK1	HRAS
MAPK1	AKT1
MAPK1	KRAS
MAPK1	MAPK3
MAPK1	MAP2K1
MAPK1	MAP2K2
MAPK3	MAPK1
MAPK3	KRAS
MAPK3	MAP2K2
MAPK3	IL6
MAPK3	TNF
MAPK3	AKT3
MAPK3	BAD
MAPK3	NOS1
MAPK3	CYBB
MAPK3	AKT1
MAPK3	BRAF
MAPK3	RAF1
MAPK3	AKT2
MAPK3	MAPT
MAPK3	NRAS
MAPK3	HRAS
MAPK3	CASP3
MAPK3	MAP2K1
MAPK8	NFKB1
MAPK8	KRAS
MAPK8	KLC4
MAPK8	MAP2K2
MAPK8	MAP2K1
MAPK8	IRS1
MAPK8	KIF5B
MAPK8	CASP3
MAPK8	BID
MAPK8	MAP3K5
MAPK8	NRAS
MAPK8	IRS4
MAPK8	IRS2
MAPK8	KLC3
MAPK8	BAD
MAPK8	KIF5A
MAPK8	KIF5C
MAPK8	KLC2
MAPK8	KLC1
MAPK8	IL6
MAPK8	APBB1
MAPK8	RELA
MAPK8	HRAS
MAPK8	MAP2K7
MAPK8	MAPK9
MAPK9	NFKB1
MAPK9	KRAS
MAPK9	KLC4
MAPK9	MAP2K2
MAPK9	MAP2K1
MAPK9	IRS1
MAPK9	KIF5B
MAPK9	BID
MAPK9	MAP3K5
MAPK9	NRAS
MAPK9	IRS4
MAPK9	IRS2
MAPK9	KLC3
MAPK9	BAD
MAPK9	MAPK8
MAPK9	MAP2K7
MAPK9	RELA
MAPK9	KIF5C
MAPK9	KIF5A
MAPK9	KLC2
MAPK9	KLC1
MAPK9	HRAS
MAPT	MAPK1
MAPT	TUBB1
MAPT	TUBA4A
MAPT	APOE
MAPT	TUBB2B
MAPT	MAPK3
MAPT	TUBB4A
MAPT	APP
MAPT	CASP3
MAPT	TUBA3E
MAPT	CDK5R1
MAPT	TUBB6
MAPT	TUBB3
MAPT	GSK3B
MAPT	TUBA3D
MAPT	PSEN1
MAPT	TUBA8
MAPT	TUBA1B
MAPT	TUBB
MAPT	TUBB8
MAPT	TUBAL3
MAPT	CASP7
MAPT	TUBA1C
MAPT	TUBB4B
MAPT	TUBB2A
MAPT	VDAC1
MAPT	TUBA1A
MAPT	SNCA
MAPT	CDK5
MCU	VDAC1
MME	IDE
MT-ATP6	ATP5F1D
MT-ATP6	ATP5F1E
MT-ATP6	ATP5F1B
MT-ATP6	ATP5MC3
MT-ATP6	ATP5PO
MT-ATP6	ATP5PD
MT-ATP6	UQCRFS1
MT-ATP6	ATP5F1C
MT-ATP6	MT-CO1
MT-ATP6	MT-CYB
MT-ATP6	MT-ND6
MT-ATP6	MT-ND3
MT-ATP6	ATP5PF
MT-ATP6	ATP5MC2
MT-ATP6	MT-ND4
MT-ATP6	MT-ATP8
MT-ATP6	MT-ND5
MT-ATP6	ATP5PB
MT-ATP6	MT-CO2
MT-ATP6	MT-ND4L
MT-ATP6	MT-ND1
MT-ATP6	ATP5F1A
MT-ATP6	MT-ND2
MT-ATP6	ATP5MC1
MT-ATP6	MT-CO3
MT-ATP8	ATP5F1D
MT-ATP8	ATP5F1E
MT-ATP8	ATP5F1B
MT-ATP8	ATP5MC3
MT-ATP8	ATP5PO
MT-ATP8	ATP5PD
MT-ATP8	ATP5F1C
MT-ATP8	MT-CYB
MT-ATP8	MT-ATP6
MT-ATP8	MT-ND6
MT-ATP8	MT-ND1
MT-ATP8	MT-ND4L
MT-ATP8	MT-ND5
MT-ATP8	MT-CO2
MT-ATP8	MT-ND4
MT-ATP8	MT-CO3
MT-ATP8	MT-ND2
MT-ATP8	MT-ND3
MT-ATP8	ATP5MC2
MT-ATP8	ATP5PF
MT-ATP8	ATP5MC1
MT-ATP8	ATP5F1A
MT-ATP8	ATP5PB
MT-CO1	UQCRC1
MT-CO1	COX6A1
MT-CO1	NDUFS7
MT-CO1	NDUFA10
MT-CO1	COX5B
MT-CO1	NDUFS3
MT-CO1	SDHA
MT-CO1	NDUFA9
MT-CO1	UQCRC2
MT-CO1	COX6A2
MT-CO1	COX7A1
MT-CO1	NDUFS4
MT-CO1	NDUFB8
MT-CO1	UQCRFS1
MT-CO1	CYCS
MT-CO1	UQCRH
MT-CO1	NDUFS8
MT-CO1	CYC1
MT-CO1	COX5A
MT-CO1	COX8A
MT-CO1	NDUFV2
MT-CO1	UQCR10
MT-CO1	NDUFA4
MT-CO1	NDUFB6
MT-CO1	UQCRHL
MT-CO1	ATP5F1A
MT-CO1	COX6B2
MT-CO1	SDHC
MT-CO1	COX4I2
MT-CO1	COX7A2
MT-CO1	COX7A2L
MT-CO1	UQCR11
MT-CO1	NDUFS1
MT-CO1	NDUFV1
MT-CO1	NDUFS2
MT-CO1	SDHB
MT-CO1	MT-ND4L
MT-CO1	COX7B
MT-CO1	MT-ND6
MT-CO1	UQCRB
MT-CO1	UQCRQ
MT-CO1	MT-ND3
MT-CO1	COX6C
MT-CO1	MT-ATP6
MT-CO1	COX6B1
MT-CO1	MT-ND4
MT-CO1	MT-CYB
MT-CO1	MT-ND5
MT-CO1	MT-ND1
MT-CO1	MT-ND2
MT-CO1	MT-CO2
MT-CO1	COX4I1
MT-CO1	COX7C
MT-CO1	MT-CO3
MT-CO2	UQCRC1
MT-CO2	COX6A1
MT-CO2	NDUFS7
MT-CO2	COX5B
MT-CO2	NDUFS3
MT-CO2	SDHA
MT-CO2	UQCRC2
MT-CO2	COX6A2
MT-CO2	COX7A1
MT-CO2	NDUFB8
MT-CO2	UQCRFS1
MT-CO2	CYCS
MT-CO2	UQCRH
MT-CO2	NDUFS8
MT-CO2	CYC1
MT-CO2	COX5A
MT-CO2	COX8A
MT-CO2	NDUFV2
MT-CO2	UQCR10
MT-CO2	NDUFA4
MT-CO2	MT-CO1
MT-CO2	MT-CYB
MT-CO2	MT-ATP6
MT-CO2	MT-ND6
MT-CO2	MT-ND1
MT-CO2	MT-ND4L
MT-CO2	MT-ND5
MT-CO2	MT-ATP8
MT-CO2	UQCRHL
MT-CO2	COX6B2
MT-CO2	COX7A2L
MT-CO2	UQCR11
MT-CO2	COX4I2
MT-CO2	SDHC
MT-CO2	NDUFV1
MT-CO2	NDUFS1
MT-CO2	SDHB
MT-CO2	NDUFS2
MT-CO2	UQCRQ
MT-CO2	UQCRB
MT-CO2	COX7B
MT-CO2	MT-ND3
MT-CO2	MT-ND4
MT-CO2	COX7C
MT-CO2	COX7A2
MT-CO2	MT-CO3
MT-CO2	COX6B1
MT-CO2	MT-ND2
MT-CO2	COX6C
MT-CO2	COX4I1
MT-CO3	UQCRC1
MT-CO3	COX6A1
MT-CO3	NDUFS7
MT-CO3	NDUFA2
MT-CO3	COX5B
MT-CO3	NDUFS3
MT-CO3	SDHA
MT-CO3	NDUFA9
MT-CO3	UQCRC2
MT-CO3	COX6A2
MT-CO3	COX7A1
MT-CO3	NDUFS4
MT-CO3	UQCRFS1
MT-CO3	CYCS
MT-CO3	UQCRH
MT-CO3	NDUFS8
MT-CO3	CYC1
MT-CO3	COX5A
MT-CO3	COX8A
MT-CO3	NDUFV2
MT-CO3	UQCR10
MT-CO3	NDUFA4
MT-CO3	MT-CO1
MT-CO3	MT-CYB
MT-CO3	MT-ATP6
MT-CO3	MT-ND6
MT-CO3	MT-ND1
MT-CO3	MT-ND4L
MT-CO3	MT-ND5
MT-CO3	MT-CO2
MT-CO3	MT-ND4
MT-CO3	NDUFA8
MT-CO3	UQCRHL
MT-CO3	SDHC
MT-CO3	COX6B2
MT-CO3	MT-ATP8
MT-CO3	COX7A2L
MT-CO3	UQCR11
MT-CO3	COX7A2
MT-CO3	COX4I2
MT-CO3	SDHB
MT-CO3	NDUFS2
MT-CO3	COX7B
MT-CO3	NDUFV1
MT-CO3	NDUFS1
MT-CO3	UQCRB
MT-CO3	COX6C
MT-CO3	UQCRQ
MT-CO3	COX6B1
MT-CO3	COX7C
MT-CO3	COX4I1
MT-CO3	MT-ND2
MT-CO3	MT-ND3
MT-CYB	UQCRC1
MT-CYB	NDUFB7
MT-CYB	COX6A1
MT-CYB	NDUFS7
MT-CYB	NDUFA2
MT-CYB	COX5B
MT-CYB	NDUFS3
MT-CYB	SDHA
MT-CYB	NDUFA9
MT-CYB	UQCRC2
MT-CYB	NDUFB10
MT-CYB	NDUFS6
MT-CYB	NDUFB9
MT-CYB	COX6A2
MT-CYB	COX7A1
MT-CYB	NDUFS4
MT-CYB	NDUFB8
MT-CYB	UQCRFS1
MT-CYB	CYCS
MT-CYB	UQCRH
MT-CYB	NDUFS8
MT-CYB	CYC1
MT-CYB	COX5A
MT-CYB	NDUFV2
MT-CYB	NDUFA12
MT-CYB	UQCR10
MT-CYB	MT-CO1
MT-CYB	NDUFA6
MT-CYB	NDUFA13
MT-CYB	NDUFA1
MT-CYB	NDUFAB1
MT-CYB	NDUFA11
MT-CYB	NDUFA8
MT-CYB	UQCRHL
MT-CYB	NDUFA5
MT-CYB	COX6C
MT-CYB	MT-ATP8
MT-CYB	SDHB
MT-CYB	COX7B
MT-CYB	COX6B1
MT-CYB	COX7C
MT-CYB	NDUFV1
MT-CYB	COX4I1
MT-CYB	NDUFS1
MT-CYB	NDUFS2
MT-CYB	MT-ND6
MT-CYB	UQCR11
MT-CYB	MT-ND2
MT-CYB	MT-ND1
MT-CYB	MT-ND4L
MT-CYB	MT-ATP6
MT-CYB	MT-CO2
MT-CYB	MT-CO3
MT-CYB	MT-ND4
MT-CYB	MT-ND3
MT-CYB	UQCRQ
MT-CYB	MT-ND5
MT-CYB	UQCRB
MT-ND1	NDUFB4
MT-ND1	UQCRC1
MT-ND1	NDUFB7
MT-ND1	NDUFS7
MT-ND1	NDUFA2
MT-ND1	NDUFA10
MT-ND1	COX5B
MT-ND1	NDUFB5
MT-ND1	NDUFS3
MT-ND1	SDHA
MT-ND1	NDUFA9
MT-ND1	UQCRC2
MT-ND1	NDUFB10
MT-ND1	NDUFS6
MT-ND1	NDUFB9
MT-ND1	NDUFC2
MT-ND1	NDUFS4
MT-ND1	NDUFB8
MT-ND1	NDUFA7
MT-ND1	UQCRFS1
MT-ND1	UQCRH
MT-ND1	NDUFS8
MT-ND1	CYC1
MT-ND1	COX5A
MT-ND1	NDUFV2
MT-ND1	NDUFA12
MT-ND1	UQCR10
MT-ND1	NDUFA4
MT-ND1	NDUFV3
MT-ND1	MT-CO1
MT-ND1	MT-CYB
MT-ND1	MT-ATP6
MT-ND1	MT-ND6
MT-ND1	UQCRQ
MT-ND1	MT-ATP8
MT-ND1	COX4I1
MT-ND1	UQCRB
MT-ND1	SDHB
MT-ND1	NDUFB1
MT-ND1	NDUFB2
MT-ND1	NDUFC1
MT-ND1	NDUFB6
MT-ND1	NDUFA3
MT-ND1	NDUFA11
MT-ND1	NDUFA6
MT-ND1	NDUFA5
MT-ND1	MT-ND5
MT-ND1	NDUFA13
MT-ND1	MT-ND4
MT-ND1	MT-ND3
MT-ND1	NDUFAB1
MT-ND1	NDUFS1
MT-ND1	NDUFB3
MT-ND1	NDUFS5
MT-ND1	NDUFS2
MT-ND1	MT-CO3
MT-ND1	NDUFA8
MT-ND1	NDUFV1
MT-ND1	MT-ND4L
MT-ND1	MT-ND2
MT-ND1	MT-CO2
MT-ND1	NDUFA1
MT-ND2	NDUFB4
MT-ND2	UQCRC1
MT-ND2	NDUFB7
MT-ND2	NDUFS7
MT-ND2	NDUFA2
MT-ND2	NDUFA10
MT-ND2	NDUFB5
MT-ND2	NDUFS3
MT-ND2	NDUFA9
MT-ND2	UQCRC2
MT-ND2	NDUFB10
MT-ND2	NDUFS6
MT-ND2	NDUFB9
MT-ND2	NDUFC2
MT-ND2	NDUFS4
MT-ND2	NDUFB8
MT-ND2	NDUFA7
MT-ND2	UQCRFS1
MT-ND2	UQCRH
MT-ND2	NDUFS8
MT-ND2	CYC1
MT-ND2	NDUFV2
MT-ND2	NDUFA12
MT-ND2	UQCR10
MT-ND2	NDUFA4
MT-ND2	NDUFV3
MT-ND2	MT-CO1
MT-ND2	MT-CYB
MT-ND2	MT-ATP6
MT-ND2	MT-ND6
MT-ND2	MT-ND1
MT-ND2	MT-ND4L
MT-ND2	MT-ND5
MT-ND2	MT-CO2
MT-ND2	MT-ND4
MT-ND2	MT-CO3
MT-ND2	COX4I1
MT-ND2	UQCRQ
MT-ND2	COX6B1
MT-ND2	UQCRB
MT-ND2	MT-ATP8
MT-ND2	NDUFB2
MT-ND2	NDUFB1
MT-ND2	NDUFS5
MT-ND2	NDUFA3
MT-ND2	NDUFA1
MT-ND2	NDUFC1
MT-ND2	NDUFB6
MT-ND2	NDUFS2
MT-ND2	NDUFA8
MT-ND2	NDUFV1
MT-ND2	NDUFA11
MT-ND2	NDUFA6
MT-ND2	NDUFA5
MT-ND2	NDUFA13
MT-ND2	MT-ND3
MT-ND2	NDUFAB1
MT-ND2	NDUFS1
MT-ND2	NDUFB3
MT-ND3	NDUFB4
MT-ND3	UQCRC1
MT-ND3	NDUFB7
MT-ND3	NDUFS7
MT-ND3	NDUFA2
MT-ND3	NDUFA10
MT-ND3	COX5B
MT-ND3	NDUFB5
MT-ND3	NDUFS3
MT-ND3	SDHA
MT-ND3	NDUFA9
MT-ND3	UQCRC2
MT-ND3	NDUFB10
MT-ND3	NDUFS6
MT-ND3	NDUFB9
MT-ND3	NDUFC2
MT-ND3	NDUFS4
MT-ND3	NDUFB8
MT-ND3	NDUFA7
MT-ND3	UQCRFS1
MT-ND3	UQCRH
MT-ND3	NDUFS8
MT-ND3	CYC1
MT-ND3	NDUFV2
MT-ND3	NDUFA12
MT-ND3	UQCR10
MT-ND3	NDUFA4
MT-ND3	NDUFV3
MT-ND3	MT-CO1
MT-ND3	MT-CYB
MT-ND3	MT-ATP6
MT-ND3	MT-ND6
MT-ND3	MT-ND1
MT-ND3	MT-ND4L
MT-ND3	MT-ND5
MT-ND3	MT-CO2
MT-ND3	MT-ND4
MT-ND3	MT-CO3
MT-ND3	MT-ND2
MT-ND3	UQCRQ
MT-ND3	SDHB
MT-ND3	UQCRB
MT-ND3	MT-ATP8
MT-ND3	NDUFB1
MT-ND3	NDUFB2
MT-ND3	NDUFS5
MT-ND3	NDUFB6
MT-ND3	NDUFC1
MT-ND3	NDUFA1
MT-ND3	NDUFA11
MT-ND3	NDUFS2
MT-ND3	NDUFA8
MT-ND3	NDUFA5
MT-ND3	NDUFA6
MT-ND3	NDUFAB1
MT-ND3	NDUFS1
MT-ND3	NDUFB3
MT-ND3	NDUFA13
MT-ND3	NDUFA3
MT-ND3	NDUFV1
MT-ND4	NDUFB4
MT-ND4	UQCRC1
MT-ND4	NDUFB7
MT-ND4	NDUFS7
MT-ND4	NDUFA2
MT-ND4	NDUFA10
MT-ND4	COX5B
MT-ND4	NDUFB5
MT-ND4	NDUFS3
MT-ND4	SDHA
MT-ND4	NDUFA9
MT-ND4	UQCRC2
MT-ND4	NDUFB10
MT-ND4	NDUFS6
MT-ND4	NDUFB9
MT-ND4	NDUFC2
MT-ND4	NDUFS4
MT-ND4	NDUFB8
MT-ND4	NDUFA7
MT-ND4	UQCRFS1
MT-ND4	UQCRH
MT-ND4	NDUFS8
MT-ND4	CYC1
MT-ND4	NDUFV2
MT-ND4	NDUFA12
MT-ND4	UQCR10
MT-ND4	NDUFA4
MT-ND4	NDUFV3
MT-ND4	MT-CO1
MT-ND4	MT-CYB
MT-ND4	MT-ATP6
MT-ND4	MT-ND6
MT-ND4	MT-ND1
MT-ND4	MT-ND4L
MT-ND4	MT-ND5
MT-ND4	MT-CO2
MT-ND4	COX6B1
MT-ND4	COX4I1
MT-ND4	UQCRQ
MT-ND4	SDHB
MT-ND4	MT-ATP8
MT-ND4	UQCRB
MT-ND4	NDUFB2
MT-ND4	NDUFC1
MT-ND4	NDUFA3
MT-ND4	NDUFB3
MT-ND4	NDUFS1
MT-ND4	NDUFAB1
MT-ND4	MT-ND3
MT-ND4	NDUFA13
MT-ND4	NDUFA6
MT-ND4	NDUFA5
MT-ND4	NDUFA11
MT-ND4	NDUFA1
MT-ND4	NDUFV1
MT-ND4	MT-ND2
MT-ND4	MT-CO3
MT-ND4	NDUFA8
MT-ND4	NDUFS5
MT-ND4	NDUFS2
MT-ND4	NDUFB6
MT-ND4	NDUFB1
MT-ND4L	NDUFB4
MT-ND4L	UQCRC1
MT-ND4L	NDUFB7
MT-ND4L	NDUFS7
MT-ND4L	NDUFA2
MT-ND4L	NDUFA10
MT-ND4L	NDUFB5
MT-ND4L	NDUFS3
MT-ND4L	NDUFA9
MT-ND4L	UQCRC2
MT-ND4L	NDUFB10
MT-ND4L	NDUFS6
MT-ND4L	NDUFB9
MT-ND4L	NDUFC2
MT-ND4L	NDUFS4
MT-ND4L	NDUFB8
MT-ND4L	NDUFA7
MT-ND4L	UQCRFS1
MT-ND4L	UQCRH
MT-ND4L	NDUFS8
MT-ND4L	CYC1
MT-ND4L	NDUFV2
MT-ND4L	NDUFA12
MT-ND4L	UQCR10
MT-ND4L	NDUFV3
MT-ND4L	MT-CO1
MT-ND4L	MT-CYB
MT-ND4L	MT-ATP6
MT-ND4L	MT-ND6
MT-ND4L	MT-ND1
MT-ND4L	UQCRB
MT-ND4L	NDUFB1
MT-ND4L	NDUFB2
MT-ND4L	NDUFA11
MT-ND4L	NDUFS5
MT-ND4L	NDUFA1
MT-ND4L	NDUFB3
MT-ND4L	NDUFC1
MT-ND4L	NDUFA3
MT-ND4L	MT-ATP8
MT-ND4L	MT-CO2
MT-ND4L	NDUFB6
MT-ND4L	MT-CO3
MT-ND4L	NDUFA6
MT-ND4L	NDUFA8
MT-ND4L	NDUFA13
MT-ND4L	NDUFS1
MT-ND4L	MT-ND5
MT-ND4L	NDUFA5
MT-ND4L	NDUFS2
MT-ND4L	NDUFV1
MT-ND4L	MT-ND4
MT-ND4L	MT-ND3
MT-ND4L	MT-ND2
MT-ND4L	NDUFAB1
MT-ND5	NDUFB4
MT-ND5	UQCRC1
MT-ND5	NDUFB7
MT-ND5	NDUFS7
MT-ND5	NDUFA2
MT-ND5	NDUFA10
MT-ND5	NDUFB5
MT-ND5	NDUFS3
MT-ND5	NDUFA9
MT-ND5	UQCRC2
MT-ND5	NDUFB10
MT-ND5	NDUFS6
MT-ND5	NDUFB9
MT-ND5	NDUFC2
MT-ND5	COX7A1
MT-ND5	NDUFS4
MT-ND5	NDUFB8
MT-ND5	NDUFA7
MT-ND5	UQCRFS1
MT-ND5	UQCRH
MT-ND5	NDUFS8
MT-ND5	CYC1
MT-ND5	COX5A
MT-ND5	NDUFV2
MT-ND5	NDUFA12
MT-ND5	UQCR10
MT-ND5	NDUFA4
MT-ND5	NDUFV3
MT-ND5	MT-CO1
MT-ND5	MT-CYB
MT-ND5	MT-ATP6
MT-ND5	MT-ND6
MT-ND5	MT-ND1
MT-ND5	MT-ND4L
MT-ND5	COX4I1
MT-ND5	SDHB
MT-ND5	UQCRQ
MT-ND5	UQCRB
MT-ND5	COX7C
MT-ND5	MT-ATP8
MT-ND5	NDUFB1
MT-ND5	NDUFC1
MT-ND5	NDUFB2
MT-ND5	NDUFA3
MT-ND5	NDUFA5
MT-ND5	NDUFA6
MT-ND5	MT-ND4
MT-ND5	MT-ND3
MT-ND5	NDUFA13
MT-ND5	NDUFB3
MT-ND5	NDUFAB1
MT-ND5	NDUFS1
MT-ND5	NDUFB6
MT-ND5	MT-CO3
MT-ND5	NDUFA8
MT-ND5	NDUFS5
MT-ND5	NDUFS2
MT-ND5	MT-ND2
MT-ND5	NDUFV1
MT-ND5	NDUFA11
MT-ND5	NDUFA1
MT-ND5	MT-CO2
MT-ND6	NDUFB4
MT-ND6	NDUFB7
MT-ND6	NDUFS7
MT-ND6	NDUFA2
MT-ND6	NDUFA10
MT-ND6	NDUFB5
MT-ND6	NDUFS3
MT-ND6	NDUFA9
MT-ND6	UQCRC2
MT-ND6	NDUFB10
MT-ND6	NDUFS6
MT-ND6	NDUFB9
MT-ND6	NDUFC2
MT-ND6	NDUFS4
MT-ND6	NDUFB8
MT-ND6	NDUFA7
MT-ND6	NDUFS8
MT-ND6	CYC1
MT-ND6	NDUFV2
MT-ND6	NDUFA12
MT-ND6	NDUFV3
MT-ND6	MT-CO1
MT-ND6	MT-CYB
MT-ND6	MT-ATP6
MT-ND6	COX4I1
MT-ND6	MT-ATP8
MT-ND6	NDUFB2
MT-ND6	NDUFB1
MT-ND6	NDUFB3
MT-ND6	NDUFC1
MT-ND6	NDUFA6
MT-ND6	NDUFA5
MT-ND6	MT-CO2
MT-ND6	NDUFA8
MT-ND6	NDUFA11
MT-ND6	NDUFA13
MT-ND6	NDUFS2
MT-ND6	NDUFS1
MT-ND6	NDUFB6
MT-ND6	MT-CO3
MT-ND6	NDUFA1
MT-ND6	NDUFA3
MT-ND6	NDUFAB1
MT-ND6	NDUFV1
MT-ND6	NDUFS5
MT-ND6	MT-ND4
MT-ND6	MT-ND2
MT-ND6	MT-ND3
MT-ND6	MT-ND5
MT-ND6	MT-ND4L
MT-ND6	MT-ND1
MTOR	RB1CC1
MTOR	PIK3R2
MTOR	PIK3R3
MTOR	PIK3CA
MTOR	TUBB4A
MTOR	IRS1
MTOR	PSMC5
MTOR	ULK1
MTOR	TUBA1B
MTOR	ATG101
MTOR	TUBB
MTOR	IRS4
MTOR	PIK3CD
MTOR	PIK3CB
MTOR	PIK3R1
MTOR	AKT3
MTOR	IRS2
MTOR	AKT2
MTOR	CHUK
MTOR	ULK2
MTOR	PSMD14
MTOR	PSMC6
MTOR	AKT1
NAE1	APP
NCSTN	APH1B
NCSTN	APP
NCSTN	APH1A
NCSTN	PSEN1
NCSTN	PSENEN
NCSTN	PSEN2
NDUFA1	NDUFB4
NDUFA1	UQCRC1
NDUFA1	NDUFB7
NDUFA1	NDUFS7
NDUFA1	NDUFA2
NDUFA1	NDUFA10
NDUFA1	COX5B
NDUFA1	NDUFB5
NDUFA1	NDUFS3
NDUFA1	NDUFA9
NDUFA1	UQCRC2
NDUFA1	NDUFB10
NDUFA1	NDUFS6
NDUFA1	NDUFB9
NDUFA1	NDUFC2
NDUFA1	COX6A2
NDUFA1	COX7A1
NDUFA1	NDUFS4
NDUFA1	NDUFB8
NDUFA1	NDUFA7
NDUFA1	UQCRFS1
NDUFA1	UQCRH
NDUFA1	NDUFS8
NDUFA1	COX5A
NDUFA1	NDUFV2
NDUFA1	NDUFA12
NDUFA1	UQCR10
NDUFA1	NDUFA4
NDUFA1	NDUFV3
NDUFA1	MT-CYB
NDUFA1	MT-ND6
NDUFA1	MT-ND1
NDUFA1	MT-ND4L
NDUFA1	MT-ND5
NDUFA1	MT-ND4
NDUFA1	MT-ND2
NDUFA1	MT-ND3
NDUFA1	NDUFS2
NDUFA1	COX4I1
NDUFA1	UQCRB
NDUFA1	UQCR11
NDUFA1	COX6B1
NDUFA1	UQCRQ
NDUFA1	COX7B
NDUFA1	COX7C
NDUFA1	NDUFC1
NDUFA1	NDUFA6
NDUFA1	NDUFB6
NDUFA1	NDUFA5
NDUFA1	NDUFB1
NDUFA1	NDUFB2
NDUFA1	NDUFS5
NDUFA1	NDUFA8
NDUFA1	NDUFA3
NDUFA1	NDUFV1
NDUFA1	NDUFA13
NDUFA1	NDUFS1
NDUFA1	NDUFAB1
NDUFA1	NDUFA11
NDUFA1	NDUFB3
NDUFA10	NDUFB4
NDUFA10	UQCRC1
NDUFA10	NDUFB7
NDUFA10	NDUFS7
NDUFA10	NDUFA2
NDUFA10	UQCR10
NDUFA10	COX7C
NDUFA10	MT-CO1
NDUFA10	COX7B
NDUFA10	ATP5F1C
NDUFA10	UQCR11
NDUFA10	COX6A2
NDUFA10	UQCRH
NDUFA10	ATP5F1B
NDUFA10	COX6B1
NDUFA10	UQCRQ
NDUFA10	UQCRB
NDUFA10	UQCRFS1
NDUFA10	COX4I1
NDUFA10	CYC1
NDUFA10	COX5A
NDUFA10	COX5B
NDUFA10	UQCRC2
NDUFA10	NDUFA4
NDUFA10	MT-ND4L
NDUFA10	NDUFB1
NDUFA10	MT-ND6
NDUFA10	MT-ND5
NDUFA10	MT-ND1
NDUFA10	NDUFC1
NDUFA10	NDUFB3
NDUFA10	NDUFS1
NDUFA10	NDUFAB1
NDUFA10	NDUFV2
NDUFA10	MT-ND3
NDUFA10	MT-ND4
NDUFA10	NDUFC2
NDUFA10	NDUFA13
NDUFA10	NDUFB5
NDUFA10	NDUFB2
NDUFA10	NDUFA12
NDUFA10	NDUFA9
NDUFA10	NDUFA5
NDUFA10	NDUFB8
NDUFA10	NDUFA6
NDUFA10	NDUFS6
NDUFA10	NDUFA1
NDUFA10	NDUFA11
NDUFA10	NDUFS4
NDUFA10	NDUFA7
NDUFA10	MT-ND2
NDUFA10	NDUFS3
NDUFA10	NDUFV1
NDUFA10	NDUFA3
NDUFA10	NDUFB9
NDUFA10	NDUFA8
NDUFA10	NDUFS2
NDUFA10	NDUFS5
NDUFA10	NDUFB10
NDUFA10	NDUFV3
NDUFA10	NDUFB6
NDUFA10	NDUFS8
NDUFA11	NDUFB4
NDUFA11	UQCRC1
NDUFA11	NDUFB7
NDUFA11	NDUFS7
NDUFA11	NDUFA2
NDUFA11	NDUFA10
NDUFA11	COX5B
NDUFA11	NDUFB5
NDUFA11	NDUFS3
NDUFA11	NDUFA9
NDUFA11	UQCRC2
NDUFA11	NDUFB10
NDUFA11	NDUFS6
NDUFA11	NDUFB9
NDUFA11	NDUFC2
NDUFA11	COX6A2
NDUFA11	NDUFS4
NDUFA11	NDUFB8
NDUFA11	NDUFA7
NDUFA11	UQCRFS1
NDUFA11	UQCRH
NDUFA11	NDUFS8
NDUFA11	CYC1
NDUFA11	COX5A
NDUFA11	NDUFV2
NDUFA11	NDUFA12
NDUFA11	UQCR10
NDUFA11	NDUFA4
NDUFA11	NDUFV3
NDUFA11	MT-CYB
NDUFA11	MT-ND6
NDUFA11	MT-ND1
NDUFA11	MT-ND4L
NDUFA11	MT-ND5
NDUFA11	MT-ND4
NDUFA11	MT-ND2
NDUFA11	MT-ND3
NDUFA11	NDUFS2
NDUFA11	NDUFA1
NDUFA11	NDUFS5
NDUFA11	NDUFA8
NDUFA11	UQCRQ
NDUFA11	NDUFB6
NDUFA11	COX4I1
NDUFA11	COX6B1
NDUFA11	COX7C
NDUFA11	COX7B
NDUFA11	UQCRB
NDUFA11	UQCR11
NDUFA11	NDUFB2
NDUFA11	NDUFB1
NDUFA11	NDUFC1
NDUFA11	NDUFA6
NDUFA11	NDUFA5
NDUFA11	NDUFAB1
NDUFA11	NDUFS1
NDUFA11	NDUFB3
NDUFA11	NDUFA3
NDUFA11	NDUFV1
NDUFA11	NDUFA13
NDUFA12	NDUFB4
NDUFA12	UQCRC1
NDUFA12	NDUFB7
NDUFA12	NDUFS7
NDUFA12	NDUFA2
NDUFA12	NDUFA10
NDUFA12	COX5B
NDUFA12	NDUFB5
NDUFA12	NDUFS3
NDUFA12	NDUFA9
NDUFA12	UQCRC2
NDUFA12	NDUFB10
NDUFA12	NDUFS6
NDUFA12	NDUFB9
NDUFA12	NDUFC2
NDUFA12	COX6A2
NDUFA12	ATP5PO
NDUFA12	NDUFS4
NDUFA12	NDUFB8
NDUFA12	NDUFA7
NDUFA12	ATP5PD
NDUFA12	UQCRFS1
NDUFA12	UQCRH
NDUFA12	NDUFS8
NDUFA12	CYC1
NDUFA12	COX5A
NDUFA12	NDUFV2
NDUFA12	NDUFA4L2
NDUFA12	MT-CYB
NDUFA12	SDHB
NDUFA12	SDHD
NDUFA12	COX7B
NDUFA12	UQCRHL
NDUFA12	ATP5PB
NDUFA12	SDHC
NDUFA12	ATP5F1C
NDUFA12	COX6C
NDUFA12	COX4I1
NDUFA12	COX6B1
NDUFA12	COX7C
NDUFA12	ATP5PF
NDUFA12	MT-ND6
NDUFA12	UQCR11
NDUFA12	UQCRQ
NDUFA12	NDUFB2
NDUFA12	NDUFB1
NDUFA12	MT-ND4L
NDUFA12	MT-ND4
NDUFA12	NDUFA4
NDUFA12	MT-ND3
NDUFA12	NDUFA13
NDUFA12	NDUFB3
NDUFA12	NDUFAB1
NDUFA12	NDUFS1
NDUFA12	NDUFC1
NDUFA12	MT-ND5
NDUFA12	NDUFA5
NDUFA12	NDUFA6
NDUFA12	UQCRB
NDUFA12	MT-ND2
NDUFA12	MT-ND1
NDUFA12	NDUFV1
NDUFA12	NDUFA3
NDUFA12	NDUFA1
NDUFA12	NDUFA11
NDUFA12	NDUFB6
NDUFA12	NDUFA8
NDUFA12	UQCR10
NDUFA12	NDUFS2
NDUFA12	NDUFS5
NDUFA12	NDUFV3
NDUFA13	NDUFB4
NDUFA13	UQCRC1
NDUFA13	ATP5F1D
NDUFA13	NDUFB7
NDUFA13	NDUFS7
NDUFA13	NDUFA2
NDUFA13	NDUFA10
NDUFA13	COX5B
NDUFA13	NDUFB5
NDUFA13	NDUFS3
NDUFA13	NDUFA9
NDUFA13	UQCRC2
NDUFA13	NDUFB10
NDUFA13	NDUFS6
NDUFA13	NDUFB9
NDUFA13	NDUFC2
NDUFA13	COX6A2
NDUFA13	NDUFS4
NDUFA13	NDUFB8
NDUFA13	NDUFA7
NDUFA13	ATP5PD
NDUFA13	UQCRFS1
NDUFA13	UQCRH
NDUFA13	NDUFS8
NDUFA13	CYC1
NDUFA13	COX5A
NDUFA13	NDUFV2
NDUFA13	NDUFA12
NDUFA13	UQCR10
NDUFA13	NDUFA4
NDUFA13	NDUFV3
NDUFA13	MT-CYB
NDUFA13	MT-ND6
NDUFA13	MT-ND1
NDUFA13	MT-ND4L
NDUFA13	MT-ND5
NDUFA13	MT-ND4
NDUFA13	MT-ND2
NDUFA13	MT-ND3
NDUFA13	NDUFS2
NDUFA13	NDUFA1
NDUFA13	NDUFS5
NDUFA13	NDUFA8
NDUFA13	COX4I2
NDUFA13	UQCRQ
NDUFA13	NDUFB6
NDUFA13	NDUFA11
NDUFA13	ATP5PF
NDUFA13	NDUFS1
NDUFA13	NDUFB3
NDUFA13	NDUFA5
NDUFA13	NDUFA3
NDUFA13	NDUFB2
NDUFA13	COX6C
NDUFA13	COX7B
NDUFA13	COX6B1
NDUFA13	COX7C
NDUFA13	UQCRB
NDUFA13	COX4I1
NDUFA13	UQCR11
NDUFA13	NDUFC1
NDUFA13	NDUFB1
NDUFA13	NDUFV1
NDUFA13	NDUFAB1
NDUFA13	NDUFA6
NDUFA2	NDUFB4
NDUFA2	UQCRC1
NDUFA2	NDUFB7
NDUFA2	NDUFS7
NDUFA2	COX7A1
NDUFA2	COX7A2
NDUFA2	SDHC
NDUFA2	MT-CO3
NDUFA2	MT-CYB
NDUFA2	COX6A2
NDUFA2	COX7B
NDUFA2	COX6C
NDUFA2	SDHB
NDUFA2	COX5A
NDUFA2	UQCRC2
NDUFA2	UQCRHL
NDUFA2	ATP5PD
NDUFA2	COX4I1
NDUFA2	COX6B1
NDUFA2	SDHD
NDUFA2	COX7C
NDUFA2	MT-ND6
NDUFA2	UQCR11
NDUFA2	COX5B
NDUFA2	CYC1
NDUFA2	UQCRH
NDUFA2	UQCRB
NDUFA2	UQCRFS1
NDUFA2	MT-ND4L
NDUFA2	UQCRQ
NDUFA2	NDUFB1
NDUFA2	NDUFS8
NDUFA2	NDUFA10
NDUFA2	NDUFB6
NDUFA2	UQCR10
NDUFA2	NDUFS2
NDUFA2	NDUFS5
NDUFA2	NDUFA8
NDUFA2	NDUFV3
NDUFA2	NDUFB10
NDUFA2	MT-ND2
NDUFA2	NDUFA3
NDUFA2	NDUFB9
NDUFA2	NDUFV1
NDUFA2	MT-ND1
NDUFA2	NDUFS3
NDUFA2	NDUFA11
NDUFA2	NDUFA1
NDUFA2	NDUFA7
NDUFA2	NDUFS4
NDUFA2	NDUFA5
NDUFA2	NDUFA9
NDUFA2	MT-ND5
NDUFA2	NDUFA6
NDUFA2	NDUFS6
NDUFA2	NDUFB8
NDUFA2	NDUFA12
NDUFA2	NDUFB2
NDUFA2	NDUFC2
NDUFA2	NDUFA13
NDUFA2	NDUFB5
NDUFA2	MT-ND3
NDUFA2	NDUFA4
NDUFA2	MT-ND4
NDUFA2	NDUFS1
NDUFA2	NDUFAB1
NDUFA2	NDUFV2
NDUFA2	NDUFB3
NDUFA2	NDUFC1
NDUFA3	NDUFB4
NDUFA3	UQCRC1
NDUFA3	NDUFB7
NDUFA3	NDUFS7
NDUFA3	NDUFA2
NDUFA3	NDUFA10
NDUFA3	COX5B
NDUFA3	NDUFB5
NDUFA3	NDUFS3
NDUFA3	NDUFA9
NDUFA3	UQCRC2
NDUFA3	NDUFB10
NDUFA3	NDUFS6
NDUFA3	NDUFB9
NDUFA3	NDUFC2
NDUFA3	COX6A2
NDUFA3	NDUFS4
NDUFA3	NDUFB8
NDUFA3	NDUFA7
NDUFA3	UQCRFS1
NDUFA3	UQCRH
NDUFA3	NDUFS8
NDUFA3	CYC1
NDUFA3	COX5A
NDUFA3	NDUFV2
NDUFA3	NDUFA12
NDUFA3	UQCR10
NDUFA3	NDUFA4
NDUFA3	NDUFV3
NDUFA3	MT-ND6
NDUFA3	MT-ND1
NDUFA3	MT-ND4L
NDUFA3	MT-ND5
NDUFA3	MT-ND4
NDUFA3	MT-ND2
NDUFA3	MT-ND3
NDUFA3	NDUFS2
NDUFA3	NDUFA1
NDUFA3	NDUFS5
NDUFA3	NDUFA8
NDUFA3	UQCRQ
NDUFA3	NDUFB6
NDUFA3	NDUFA11
NDUFA3	NDUFS1
NDUFA3	NDUFB3
NDUFA3	NDUFA5
NDUFA3	UQCRB
NDUFA3	COX7B
NDUFA3	COX4I1
NDUFA3	COX7C
NDUFA3	COX6B1
NDUFA3	UQCR11
NDUFA3	NDUFB2
NDUFA3	NDUFB1
NDUFA3	NDUFA13
NDUFA3	NDUFAB1
NDUFA3	NDUFC1
NDUFA3	NDUFA6
NDUFA3	NDUFV1
NDUFA4	NDUFB4
NDUFA4	NDUFB7
NDUFA4	COX6A1
NDUFA4	NDUFS7
NDUFA4	NDUFA2
NDUFA4	NDUFA10
NDUFA4	COX5B
NDUFA4	NDUFB5
NDUFA4	NDUFS3
NDUFA4	NDUFA9
NDUFA4	UQCRC2
NDUFA4	NDUFB10
NDUFA4	NDUFS6
NDUFA4	NDUFB9
NDUFA4	NDUFC2
NDUFA4	COX6A2
NDUFA4	NDUFS4
NDUFA4	NDUFB8
NDUFA4	NDUFA7
NDUFA4	UQCRFS1
NDUFA4	UQCRH
NDUFA4	NDUFS8
NDUFA4	COX5A
NDUFA4	COX8A
NDUFA4	NDUFV2
NDUFA4	NDUFA12
NDUFA4	UQCR10
NDUFA4	NDUFA4L2
NDUFA4	COX7A2L
NDUFA4	UQCRB
NDUFA4	MT-ND5
NDUFA4	MT-ND2
NDUFA4	UQCR11
NDUFA4	MT-ND3
NDUFA4	MT-ND4
NDUFA4	ATP5PF
NDUFA4	MT-ND1
NDUFA4	NDUFV3
NDUFA4	NDUFA11
NDUFA4	UQCRQ
NDUFA4	NDUFS5
NDUFA4	NDUFC1
NDUFA4	NDUFS1
NDUFA4	NDUFB1
NDUFA4	NDUFA3
NDUFA4	NDUFV1
NDUFA4	NDUFS2
NDUFA4	NDUFA8
NDUFA4	NDUFA13
NDUFA4	COX4I1
NDUFA4	NDUFAB1
NDUFA4	NDUFB2
NDUFA4	NDUFB6
NDUFA4	MT-CO3
NDUFA4	MT-CO1
NDUFA4	NDUFB3
NDUFA4	NDUFA1
NDUFA4	NDUFA5
NDUFA4	MT-CO2
NDUFA4	COX7A2
NDUFA4	COX7B
NDUFA4	COX6C
NDUFA4	COX6B1
NDUFA4	COX7C
NDUFA4	NDUFA6
NDUFA4L2	NDUFA12
NDUFA4L2	NDUFA4
NDUFA5	NDUFB4
NDUFA5	UQCRC1
NDUFA5	NDUFB7
NDUFA5	NDUFS7
NDUFA5	NDUFA2
NDUFA5	NDUFA10
NDUFA5	COX5B
NDUFA5	NDUFB5
NDUFA5	NDUFS3
NDUFA5	NDUFA9
NDUFA5	UQCRC2
NDUFA5	NDUFB10
NDUFA5	NDUFS6
NDUFA5	NDUFB9
NDUFA5	NDUFC2
NDUFA5	COX6A2
NDUFA5	COX7A1
NDUFA5	NDUFS4
NDUFA5	NDUFB8
NDUFA5	NDUFA7
NDUFA5	ATP5PD
NDUFA5	UQCRFS1
NDUFA5	UQCRH
NDUFA5	NDUFS8
NDUFA5	CYC1
NDUFA5	COX5A
NDUFA5	NDUFV2
NDUFA5	NDUFA12
NDUFA5	UQCR10
NDUFA5	NDUFA4
NDUFA5	NDUFV3
NDUFA5	MT-CYB
NDUFA5	MT-ND6
NDUFA5	MT-ND1
NDUFA5	MT-ND4L
NDUFA5	MT-ND5
NDUFA5	MT-ND4
NDUFA5	MT-ND2
NDUFA5	MT-ND3
NDUFA5	SDHC
NDUFA5	NDUFS2
NDUFA5	NDUFA1
NDUFA5	NDUFS5
NDUFA5	NDUFA8
NDUFA5	UQCRQ
NDUFA5	NDUFB6
NDUFA5	NDUFA11
NDUFA5	ATP5PF
NDUFA5	NDUFS1
NDUFA5	NDUFB3
NDUFA5	COX6C
NDUFA5	COX7B
NDUFA5	COX4I1
NDUFA5	COX6B1
NDUFA5	UQCR11
NDUFA5	UQCRHL
NDUFA5	COX7C
NDUFA5	NDUFB1
NDUFA5	NDUFB2
NDUFA5	NDUFA3
NDUFA5	NDUFV1
NDUFA5	UQCRB
NDUFA5	NDUFA6
NDUFA5	NDUFC1
NDUFA5	NDUFAB1
NDUFA5	NDUFA13
NDUFA6	NDUFB4
NDUFA6	UQCRC1
NDUFA6	NDUFB7
NDUFA6	NDUFS7
NDUFA6	NDUFA2
NDUFA6	NDUFA10
NDUFA6	COX5B
NDUFA6	NDUFB5
NDUFA6	NDUFS3
NDUFA6	NDUFA9
NDUFA6	UQCRC2
NDUFA6	NDUFB10
NDUFA6	NDUFS6
NDUFA6	NDUFB9
NDUFA6	NDUFC2
NDUFA6	COX6A2
NDUFA6	NDUFS4
NDUFA6	NDUFB8
NDUFA6	NDUFA7
NDUFA6	ATP5PD
NDUFA6	UQCRFS1
NDUFA6	UQCRH
NDUFA6	NDUFS8
NDUFA6	CYC1
NDUFA6	COX5A
NDUFA6	NDUFV2
NDUFA6	NDUFA12
NDUFA6	UQCR10
NDUFA6	NDUFA4
NDUFA6	NDUFV3
NDUFA6	MT-CYB
NDUFA6	MT-ND6
NDUFA6	MT-ND1
NDUFA6	MT-ND4L
NDUFA6	MT-ND5
NDUFA6	MT-ND4
NDUFA6	MT-ND2
NDUFA6	MT-ND3
NDUFA6	NDUFS2
NDUFA6	NDUFA1
NDUFA6	NDUFS5
NDUFA6	NDUFA8
NDUFA6	SDHD
NDUFA6	UQCRQ
NDUFA6	NDUFB6
NDUFA6	NDUFA11
NDUFA6	ATP5PF
NDUFA6	NDUFS1
NDUFA6	NDUFB3
NDUFA6	NDUFA5
NDUFA6	NDUFA3
NDUFA6	NDUFB2
NDUFA6	NDUFA13
NDUFA6	COX7C
NDUFA6	COX6C
NDUFA6	UQCRB
NDUFA6	NDUFC1
NDUFA6	COX4I1
NDUFA6	NDUFAB1
NDUFA6	COX6B1
NDUFA6	UQCR11
NDUFA6	COX7B
NDUFA6	UQCRHL
NDUFA6	NDUFV1
NDUFA6	NDUFB1
NDUFA7	NDUFB4
NDUFA7	UQCRC1
NDUFA7	ATP5F1D
NDUFA7	NDUFB7
NDUFA7	NDUFS7
NDUFA7	NDUFA2
NDUFA7	NDUFA10
NDUFA7	COX5B
NDUFA7	NDUFB5
NDUFA7	NDUFS3
NDUFA7	NDUFA9
NDUFA7	UQCRC2
NDUFA7	NDUFB10
NDUFA7	NDUFS6
NDUFA7	NDUFB9
NDUFA7	NDUFC2
NDUFA7	COX6A2
NDUFA7	NDUFS4
NDUFA7	NDUFB8
NDUFA7	COX6C
NDUFA7	ATP5PD
NDUFA7	ATP5PF
NDUFA7	COX4I1
NDUFA7	UQCRFS1
NDUFA7	CYC1
NDUFA7	COX7B
NDUFA7	COX6B1
NDUFA7	UQCRB
NDUFA7	COX5A
NDUFA7	UQCRH
NDUFA7	UQCRQ
NDUFA7	COX7C
NDUFA7	MT-ND4L
NDUFA7	MT-ND6
NDUFA7	UQCR11
NDUFA7	UQCR10
NDUFA7	NDUFA4
NDUFA7	MT-ND3
NDUFA7	MT-ND2
NDUFA7	MT-ND1
NDUFA7	NDUFB1
NDUFA7	MT-ND4
NDUFA7	MT-ND5
NDUFA7	NDUFV1
NDUFA7	NDUFA3
NDUFA7	NDUFA11
NDUFA7	NDUFA1
NDUFA7	NDUFB6
NDUFA7	NDUFS8
NDUFA7	NDUFA8
NDUFA7	NDUFS5
NDUFA7	NDUFS2
NDUFA7	NDUFV3
NDUFA7	NDUFA13
NDUFA7	NDUFB3
NDUFA7	NDUFAB1
NDUFA7	NDUFS1
NDUFA7	NDUFV2
NDUFA7	NDUFC1
NDUFA7	NDUFA5
NDUFA7	NDUFA6
NDUFA7	NDUFB2
NDUFA7	NDUFA12
NDUFA8	NDUFB4
NDUFA8	UQCRC1
NDUFA8	NDUFB7
NDUFA8	NDUFS7
NDUFA8	NDUFA2
NDUFA8	NDUFA10
NDUFA8	COX5B
NDUFA8	NDUFB5
NDUFA8	NDUFS3
NDUFA8	NDUFA9
NDUFA8	UQCRC2
NDUFA8	NDUFB10
NDUFA8	NDUFS6
NDUFA8	NDUFB9
NDUFA8	NDUFC2
NDUFA8	COX6A2
NDUFA8	NDUFS4
NDUFA8	NDUFB8
NDUFA8	NDUFA7
NDUFA8	ATP5PD
NDUFA8	UQCRFS1
NDUFA8	UQCRH
NDUFA8	NDUFS8
NDUFA8	CYC1
NDUFA8	COX5A
NDUFA8	NDUFV2
NDUFA8	NDUFA12
NDUFA8	UQCR10
NDUFA8	NDUFA4
NDUFA8	NDUFV3
NDUFA8	MT-CYB
NDUFA8	MT-ND6
NDUFA8	MT-ND1
NDUFA8	MT-ND4L
NDUFA8	MT-ND5
NDUFA8	MT-ND4
NDUFA8	MT-CO3
NDUFA8	MT-ND2
NDUFA8	MT-ND3
NDUFA8	SDHC
NDUFA8	NDUFS2
NDUFA8	NDUFA1
NDUFA8	NDUFS5
NDUFA8	COX7B
NDUFA8	COX7C
NDUFA8	SDHD
NDUFA8	SDHB
NDUFA8	UQCRHL
NDUFA8	COX6B1
NDUFA8	COX4I1
NDUFA8	UQCR11
NDUFA8	UQCRQ
NDUFA8	NDUFB2
NDUFA8	NDUFC1
NDUFA8	NDUFV1
NDUFA8	NDUFA3
NDUFA8	NDUFA11
NDUFA8	NDUFB1
NDUFA8	NDUFB6
NDUFA8	NDUFA13
NDUFA8	NDUFB3
NDUFA8	NDUFS1
NDUFA8	NDUFAB1
NDUFA8	NDUFA5
NDUFA8	NDUFA6
NDUFA8	UQCRB
NDUFA9	NDUFB4
NDUFA9	UQCRC1
NDUFA9	NDUFB7
NDUFA9	NDUFS7
NDUFA9	NDUFA2
NDUFA9	NDUFA10
NDUFA9	COX5B
NDUFA9	NDUFB5
NDUFA9	ATP5F1B
NDUFA9	NDUFS3
NDUFA9	SDHA
NDUFA9	SDHC
NDUFA9	COX4I2
NDUFA9	COX7A1
NDUFA9	COX6B1
NDUFA9	ATP5F1C
NDUFA9	COX6A2
NDUFA9	UQCR11
NDUFA9	MT-CO3
NDUFA9	COX7C
NDUFA9	ATP5F1A
NDUFA9	SDHB
NDUFA9	UQCRH
NDUFA9	MT-CYB
NDUFA9	MT-CO1
NDUFA9	UQCRQ
NDUFA9	NDUFA4
NDUFA9	UQCRB
NDUFA9	COX5A
NDUFA9	MT-ND4L
NDUFA9	NDUFC1
NDUFA9	COX4I1
NDUFA9	NDUFB2
NDUFA9	MT-ND6
NDUFA9	UQCRC2
NDUFA9	CYC1
NDUFA9	NDUFA1
NDUFA9	NDUFV3
NDUFA9	NDUFB10
NDUFA9	NDUFS2
NDUFA9	NDUFS5
NDUFA9	UQCR10
NDUFA9	NDUFA8
NDUFA9	NDUFS8
NDUFA9	NDUFB6
NDUFA9	NDUFB1
NDUFA9	NDUFA7
NDUFA9	NDUFS4
NDUFA9	NDUFA11
NDUFA9	NDUFB9
NDUFA9	NDUFA3
NDUFA9	MT-ND1
NDUFA9	NDUFV1
NDUFA9	MT-ND2
NDUFA9	UQCRFS1
NDUFA9	NDUFA12
NDUFA9	NDUFB8
NDUFA9	NDUFS6
NDUFA9	NDUFA6
NDUFA9	NDUFA5
NDUFA9	MT-ND5
NDUFA9	NDUFV2
NDUFA9	NDUFAB1
NDUFA9	NDUFS1
NDUFA9	NDUFB3
NDUFA9	NDUFC2
NDUFA9	NDUFA13
NDUFA9	MT-ND4
NDUFA9	MT-ND3
NDUFAB1	NDUFB4
NDUFAB1	UQCRC1
NDUFAB1	ATP5F1D
NDUFAB1	NDUFB7
NDUFAB1	NDUFS7
NDUFAB1	NDUFA2
NDUFAB1	NDUFA10
NDUFAB1	COX5B
NDUFAB1	NDUFB5
NDUFAB1	NDUFS3
NDUFAB1	NDUFA9
NDUFAB1	UQCRC2
NDUFAB1	NDUFB10
NDUFAB1	NDUFS6
NDUFAB1	NDUFB9
NDUFAB1	NDUFC2
NDUFAB1	COX6A2
NDUFAB1	NDUFS4
NDUFAB1	NDUFB8
NDUFAB1	NDUFA7
NDUFAB1	UQCRFS1
NDUFAB1	UQCRH
NDUFAB1	NDUFS8
NDUFAB1	CYC1
NDUFAB1	COX5A
NDUFAB1	NDUFV2
NDUFAB1	NDUFA12
NDUFAB1	UQCR10
NDUFAB1	NDUFA4
NDUFAB1	NDUFV3
NDUFAB1	MT-CYB
NDUFAB1	MT-ND6
NDUFAB1	MT-ND1
NDUFAB1	MT-ND4L
NDUFAB1	MT-ND5
NDUFAB1	MT-ND4
NDUFAB1	MT-ND2
NDUFAB1	MT-ND3
NDUFAB1	NDUFS2
NDUFAB1	NDUFA1
NDUFAB1	NDUFS5
NDUFAB1	NDUFA8
NDUFAB1	UQCRQ
NDUFAB1	NDUFB6
NDUFAB1	NDUFA11
NDUFAB1	NDUFS1
NDUFAB1	NDUFB3
NDUFAB1	NDUFA5
NDUFAB1	NDUFA3
NDUFAB1	NDUFB2
NDUFAB1	NDUFA13
NDUFAB1	COX7C
NDUFAB1	UQCRB
NDUFAB1	NDUFC1
NDUFAB1	COX4I1
NDUFAB1	COX7B
NDUFAB1	UQCR11
NDUFAB1	COX6B1
NDUFAB1	NDUFA6
NDUFAB1	NDUFV1
NDUFAB1	NDUFB1
NDUFB1	NDUFB4
NDUFB1	NDUFB7
NDUFB1	NDUFS7
NDUFB1	NDUFA2
NDUFB1	NDUFA10
NDUFB1	COX5B
NDUFB1	NDUFB5
NDUFB1	NDUFS3
NDUFB1	NDUFA9
NDUFB1	UQCRC2
NDUFB1	NDUFB10
NDUFB1	NDUFS6
NDUFB1	NDUFB9
NDUFB1	NDUFC2
NDUFB1	NDUFS4
NDUFB1	NDUFB8
NDUFB1	NDUFA7
NDUFB1	UQCRFS1
NDUFB1	UQCRH
NDUFB1	NDUFS8
NDUFB1	CYC1
NDUFB1	COX5A
NDUFB1	NDUFV2
NDUFB1	NDUFA12
NDUFB1	UQCR10
NDUFB1	NDUFA4
NDUFB1	NDUFV3
NDUFB1	MT-ND6
NDUFB1	MT-ND1
NDUFB1	MT-ND4L
NDUFB1	MT-ND5
NDUFB1	MT-ND4
NDUFB1	MT-ND2
NDUFB1	MT-ND3
NDUFB1	NDUFS2
NDUFB1	NDUFA1
NDUFB1	NDUFS5
NDUFB1	NDUFA8
NDUFB1	UQCRQ
NDUFB1	NDUFB6
NDUFB1	NDUFA11
NDUFB1	NDUFS1
NDUFB1	NDUFB3
NDUFB1	NDUFA5
NDUFB1	NDUFA3
NDUFB1	NDUFB2
NDUFB1	NDUFA13
NDUFB1	COX7C
NDUFB1	UQCRB
NDUFB1	NDUFC1
NDUFB1	COX4I1
NDUFB1	NDUFAB1
NDUFB1	COX6B1
NDUFB1	UQCR11
NDUFB1	NDUFA6
NDUFB1	COX7B
NDUFB1	NDUFV1
NDUFB10	NDUFB4
NDUFB10	UQCRC1
NDUFB10	ATP5F1D
NDUFB10	NDUFB7
NDUFB10	NDUFS7
NDUFB10	NDUFA2
NDUFB10	NDUFA10
NDUFB10	COX5B
NDUFB10	NDUFB5
NDUFB10	NDUFS3
NDUFB10	NDUFA9
NDUFB10	UQCRC2
NDUFB10	UQCRHL
NDUFB10	COX4I2
NDUFB10	MT-CYB
NDUFB10	COX7B
NDUFB10	COX6C
NDUFB10	COX6B1
NDUFB10	COX6A2
NDUFB10	COX7C
NDUFB10	ATP5PD
NDUFB10	UQCRQ
NDUFB10	UQCR11
NDUFB10	MT-ND6
NDUFB10	UQCRFS1
NDUFB10	NDUFA4
NDUFB10	UQCRH
NDUFB10	COX5A
NDUFB10	COX4I1
NDUFB10	UQCRB
NDUFB10	CYC1
NDUFB10	UQCR10
NDUFB10	NDUFC1
NDUFB10	MT-ND4L
NDUFB10	NDUFV3
NDUFB10	NDUFS2
NDUFB10	NDUFS5
NDUFB10	NDUFA8
NDUFB10	NDUFS8
NDUFB10	NDUFB6
NDUFB10	NDUFB1
NDUFB10	NDUFA7
NDUFB10	NDUFS4
NDUFB10	NDUFA1
NDUFB10	NDUFA11
NDUFB10	NDUFB9
NDUFB10	NDUFA3
NDUFB10	MT-ND1
NDUFB10	NDUFV1
NDUFB10	MT-ND2
NDUFB10	NDUFA12
NDUFB10	NDUFB2
NDUFB10	NDUFB8
NDUFB10	NDUFS6
NDUFB10	NDUFA6
NDUFB10	NDUFA5
NDUFB10	MT-ND5
NDUFB10	NDUFV2
NDUFB10	NDUFAB1
NDUFB10	NDUFS1
NDUFB10	NDUFB3
NDUFB10	NDUFC2
NDUFB10	NDUFA13
NDUFB10	MT-ND4
NDUFB10	MT-ND3
NDUFB2	NDUFB4
NDUFB2	NDUFB7
NDUFB2	NDUFS7
NDUFB2	NDUFA2
NDUFB2	NDUFA10
NDUFB2	COX5B
NDUFB2	NDUFB5
NDUFB2	NDUFS3
NDUFB2	NDUFA9
NDUFB2	NDUFB10
NDUFB2	NDUFS6
NDUFB2	NDUFB9
NDUFB2	NDUFC2
NDUFB2	NDUFS4
NDUFB2	NDUFB8
NDUFB2	NDUFA7
NDUFB2	UQCRH
NDUFB2	NDUFS8
NDUFB2	NDUFV2
NDUFB2	NDUFA12
NDUFB2	UQCR10
NDUFB2	NDUFA4
NDUFB2	NDUFV3
NDUFB2	MT-ND6
NDUFB2	MT-ND1
NDUFB2	MT-ND4L
NDUFB2	MT-ND5
NDUFB2	MT-ND4
NDUFB2	MT-ND2
NDUFB2	MT-ND3
NDUFB2	NDUFS2
NDUFB2	NDUFA1
NDUFB2	NDUFS5
NDUFB2	NDUFA8
NDUFB2	UQCRQ
NDUFB2	NDUFB6
NDUFB2	NDUFA11
NDUFB2	NDUFS1
NDUFB2	NDUFB3
NDUFB2	NDUFA5
NDUFB2	NDUFA3
NDUFB2	UQCRB
NDUFB2	UQCR11
NDUFB2	COX7B
NDUFB2	COX7C
NDUFB2	NDUFV1
NDUFB2	NDUFA13
NDUFB2	NDUFB1
NDUFB2	NDUFC1
NDUFB2	NDUFA6
NDUFB2	NDUFAB1
NDUFB3	NDUFB4
NDUFB3	UQCRC1
NDUFB3	NDUFB7
NDUFB3	NDUFS7
NDUFB3	NDUFA2
NDUFB3	NDUFA10
NDUFB3	COX5B
NDUFB3	NDUFB5
NDUFB3	NDUFS3
NDUFB3	NDUFA9
NDUFB3	UQCRC2
NDUFB3	NDUFB10
NDUFB3	NDUFS6
NDUFB3	NDUFB9
NDUFB3	NDUFC2
NDUFB3	COX6A2
NDUFB3	COX7A1
NDUFB3	NDUFS4
NDUFB3	NDUFB8
NDUFB3	NDUFA7
NDUFB3	ATP5PD
NDUFB3	UQCRFS1
NDUFB3	UQCRH
NDUFB3	NDUFS8
NDUFB3	CYC1
NDUFB3	COX5A
NDUFB3	NDUFV2
NDUFB3	NDUFA12
NDUFB3	UQCR10
NDUFB3	NDUFA4
NDUFB3	NDUFV3
NDUFB3	MT-ND6
NDUFB3	MT-ND1
NDUFB3	MT-ND4L
NDUFB3	MT-ND5
NDUFB3	MT-ND4
NDUFB3	MT-ND2
NDUFB3	MT-ND3
NDUFB3	NDUFS2
NDUFB3	NDUFA1
NDUFB3	NDUFS5
NDUFB3	NDUFA8
NDUFB3	UQCRQ
NDUFB3	NDUFB6
NDUFB3	NDUFA11
NDUFB3	ATP5PF
NDUFB3	NDUFS1
NDUFB3	COX4I1
NDUFB3	COX6B1
NDUFB3	UQCR11
NDUFB3	COX7B
NDUFB3	COX6C
NDUFB3	COX7C
NDUFB3	UQCRB
NDUFB3	NDUFA5
NDUFB3	NDUFA6
NDUFB3	NDUFB2
NDUFB3	NDUFA13
NDUFB3	NDUFAB1
NDUFB3	NDUFC1
NDUFB3	NDUFB1
NDUFB3	NDUFA3
NDUFB3	NDUFV1
NDUFB4	COX7B
NDUFB4	CYC1
NDUFB4	COX6A2
NDUFB4	COX7A1
NDUFB4	COX4I1
NDUFB4	UQCRC2
NDUFB4	UQCRH
NDUFB4	COX6B1
NDUFB4	UQCRC1
NDUFB4	UQCR11
NDUFB4	UQCRFS1
NDUFB4	COX5B
NDUFB4	COX7C
NDUFB4	COX6C
NDUFB4	MT-ND6
NDUFB4	COX5A
NDUFB4	MT-ND4L
NDUFB4	NDUFA4
NDUFB4	UQCR10
NDUFB4	UQCRB
NDUFB4	MT-ND1
NDUFB4	MT-ND3
NDUFB4	UQCRQ
NDUFB4	MT-ND2
NDUFB4	MT-ND4
NDUFB4	NDUFB5
NDUFB4	NDUFA13
NDUFB4	NDUFC2
NDUFB4	NDUFB3
NDUFB4	NDUFAB1
NDUFB4	NDUFS1
NDUFB4	NDUFV2
NDUFB4	NDUFC1
NDUFB4	MT-ND5
NDUFB4	NDUFA9
NDUFB4	NDUFA5
NDUFB4	NDUFB8
NDUFB4	NDUFA6
NDUFB4	NDUFS6
NDUFB4	NDUFB2
NDUFB4	NDUFA12
NDUFB4	NDUFS3
NDUFB4	NDUFV1
NDUFB4	NDUFA3
NDUFB4	NDUFB9
NDUFB4	NDUFA1
NDUFB4	NDUFA11
NDUFB4	NDUFB7
NDUFB4	NDUFS4
NDUFB4	NDUFA7
NDUFB4	NDUFB1
NDUFB4	NDUFS7
NDUFB4	NDUFB6
NDUFB4	NDUFA10
NDUFB4	NDUFS8
NDUFB4	NDUFA8
NDUFB4	NDUFA2
NDUFB4	NDUFS5
NDUFB4	NDUFS2
NDUFB4	NDUFB10
NDUFB4	NDUFV3
NDUFB5	NDUFB4
NDUFB5	UQCRC1
NDUFB5	ATP5F1D
NDUFB5	NDUFB7
NDUFB5	NDUFS7
NDUFB5	NDUFA2
NDUFB5	NDUFA10
NDUFB5	COX5B
NDUFB5	ATP5PF
NDUFB5	ATP5F1C
NDUFB5	COX6A2
NDUFB5	SDHD
NDUFB5	CYC1
NDUFB5	COX6B1
NDUFB5	COX4I1
NDUFB5	ATP5PB
NDUFB5	ATP5PD
NDUFB5	UQCR11
NDUFB5	COX7B
NDUFB5	COX7C
NDUFB5	UQCRC2
NDUFB5	UQCRH
NDUFB5	UQCRFS1
NDUFB5	COX6C
NDUFB5	UQCRQ
NDUFB5	UQCRB
NDUFB5	UQCR10
NDUFB5	MT-ND4L
NDUFB5	COX5A
NDUFB5	NDUFA4
NDUFB5	MT-ND6
NDUFB5	MT-ND1
NDUFB5	MT-ND3
NDUFB5	NDUFB2
NDUFB5	NDUFA8
NDUFB5	NDUFS5
NDUFB5	NDUFS2
NDUFB5	NDUFB10
NDUFB5	NDUFV3
NDUFB5	NDUFB1
NDUFB5	NDUFB6
NDUFB5	NDUFS8
NDUFB5	NDUFA11
NDUFB5	NDUFA1
NDUFB5	NDUFS4
NDUFB5	NDUFA7
NDUFB5	MT-ND2
NDUFB5	NDUFV1
NDUFB5	NDUFS3
NDUFB5	NDUFB9
NDUFB5	NDUFA3
NDUFB5	NDUFA12
NDUFB5	NDUFA9
NDUFB5	MT-ND5
NDUFB5	NDUFA5
NDUFB5	NDUFS6
NDUFB5	NDUFA6
NDUFB5	NDUFB8
NDUFB5	NDUFB3
NDUFB5	NDUFV2
NDUFB5	NDUFS1
NDUFB5	NDUFAB1
NDUFB5	NDUFC1
NDUFB5	MT-ND4
NDUFB5	NDUFA13
NDUFB5	NDUFC2
NDUFB6	NDUFB4
NDUFB6	UQCRC1
NDUFB6	NDUFB7
NDUFB6	NDUFS7
NDUFB6	NDUFA2
NDUFB6	NDUFA10
NDUFB6	COX5B
NDUFB6	NDUFB5
NDUFB6	NDUFS3
NDUFB6	NDUFA9
NDUFB6	UQCRC2
NDUFB6	NDUFB10
NDUFB6	NDUFS6
NDUFB6	NDUFB9
NDUFB6	NDUFC2
NDUFB6	COX6A2
NDUFB6	COX7A1
NDUFB6	NDUFS4
NDUFB6	NDUFB8
NDUFB6	NDUFA7
NDUFB6	ATP5PD
NDUFB6	UQCRFS1
NDUFB6	UQCRH
NDUFB6	NDUFS8
NDUFB6	CYC1
NDUFB6	COX5A
NDUFB6	NDUFV2
NDUFB6	NDUFA12
NDUFB6	UQCR10
NDUFB6	NDUFA4
NDUFB6	NDUFV3
NDUFB6	ATP5F1C
NDUFB6	MT-CO1
NDUFB6	MT-ND6
NDUFB6	MT-ND1
NDUFB6	MT-ND4L
NDUFB6	MT-ND5
NDUFB6	MT-ND4
NDUFB6	MT-ND2
NDUFB6	MT-ND3
NDUFB6	NDUFS2
NDUFB6	ATP5PB
NDUFB6	NDUFA1
NDUFB6	NDUFS5
NDUFB6	NDUFA8
NDUFB6	UQCRQ
NDUFB6	COX7B
NDUFB6	UQCR11
NDUFB6	COX4I1
NDUFB6	COX6B1
NDUFB6	COX7C
NDUFB6	ATP5PF
NDUFB6	UQCRB
NDUFB6	NDUFB2
NDUFB6	NDUFC1
NDUFB6	NDUFB1
NDUFB6	NDUFA11
NDUFB6	NDUFA3
NDUFB6	NDUFV1
NDUFB6	NDUFA6
NDUFB6	NDUFA5
NDUFB6	NDUFAB1
NDUFB6	NDUFS1
NDUFB6	NDUFB3
NDUFB6	NDUFA13
NDUFB7	NDUFB4
NDUFB7	UQCRC1
NDUFB7	ATP5F1D
NDUFB7	COX7B
NDUFB7	UQCRHL
NDUFB7	MT-CYB
NDUFB7	COX6A2
NDUFB7	UQCRC2
NDUFB7	COX4I1
NDUFB7	COX6B1
NDUFB7	COX7C
NDUFB7	NDUFA4
NDUFB7	COX5A
NDUFB7	MT-ND6
NDUFB7	UQCRB
NDUFB7	COX5B
NDUFB7	CYC1
NDUFB7	UQCRFS1
NDUFB7	UQCRH
NDUFB7	UQCR11
NDUFB7	MT-ND4L
NDUFB7	UQCR10
NDUFB7	NDUFB1
NDUFB7	NDUFC1
NDUFB7	NDUFA7
NDUFB7	NDUFS4
NDUFB7	NDUFA1
NDUFB7	NDUFA11
NDUFB7	NDUFA3
NDUFB7	NDUFB9
NDUFB7	MT-ND1
NDUFB7	NDUFS3
NDUFB7	NDUFV1
NDUFB7	MT-ND2
NDUFB7	NDUFV3
NDUFB7	NDUFB10
NDUFB7	NDUFS2
NDUFB7	NDUFS5
NDUFB7	NDUFA2
NDUFB7	NDUFA8
NDUFB7	NDUFS8
NDUFB7	NDUFA10
NDUFB7	NDUFB6
NDUFB7	NDUFS7
NDUFB7	NDUFAB1
NDUFB7	NDUFS1
NDUFB7	NDUFV2
NDUFB7	NDUFB3
NDUFB7	UQCRQ
NDUFB7	NDUFC2
NDUFB7	NDUFA13
NDUFB7	NDUFB5
NDUFB7	MT-ND3
NDUFB7	MT-ND4
NDUFB7	NDUFA12
NDUFB7	NDUFB2
NDUFB7	NDUFB8
NDUFB7	NDUFA6
NDUFB7	NDUFS6
NDUFB7	NDUFA5
NDUFB7	MT-ND5
NDUFB7	NDUFA9
NDUFB8	NDUFB4
NDUFB8	UQCRC1
NDUFB8	ATP5F1D
NDUFB8	NDUFB7
NDUFB8	NDUFS7
NDUFB8	NDUFA2
NDUFB8	NDUFA10
NDUFB8	COX5B
NDUFB8	NDUFB5
NDUFB8	NDUFS3
NDUFB8	SDHA
NDUFB8	NDUFA9
NDUFB8	UQCRC2
NDUFB8	NDUFB10
NDUFB8	NDUFS6
NDUFB8	NDUFB9
NDUFB8	NDUFC2
NDUFB8	COX6A2
NDUFB8	COX7A1
NDUFB8	NDUFS4
NDUFB8	COX7B
NDUFB8	UQCRHL
NDUFB8	ATP5MC1
NDUFB8	ATP5F1C
NDUFB8	MT-CYB
NDUFB8	COX6C
NDUFB8	ATP5PD
NDUFB8	MT-CO2
NDUFB8	ATP5F1A
NDUFB8	SDHC
NDUFB8	COX7C
NDUFB8	COX6B1
NDUFB8	SDHD
NDUFB8	MT-CO1
NDUFB8	MT-ND4L
NDUFB8	UQCRH
NDUFB8	COX4I1
NDUFB8	UQCR11
NDUFB8	MT-ND6
NDUFB8	UQCRB
NDUFB8	CYC1
NDUFB8	NDUFB1
NDUFB8	COX5A
NDUFB8	NDUFA4
NDUFB8	UQCR10
NDUFB8	UQCRQ
NDUFB8	SDHB
NDUFB8	UQCRFS1
NDUFB8	NDUFC1
NDUFB8	NDUFB3
NDUFB8	NDUFS1
NDUFB8	NDUFAB1
NDUFB8	NDUFV2
NDUFB8	MT-ND4
NDUFB8	MT-ND3
NDUFB8	NDUFA13
NDUFB8	NDUFB2
NDUFB8	NDUFA12
NDUFB8	NDUFA6
NDUFB8	MT-ND5
NDUFB8	NDUFA5
NDUFB8	NDUFA7
NDUFB8	NDUFA11
NDUFB8	NDUFA1
NDUFB8	NDUFV1
NDUFB8	MT-ND1
NDUFB8	NDUFA3
NDUFB8	MT-ND2
NDUFB8	NDUFV3
NDUFB8	NDUFA8
NDUFB8	NDUFS2
NDUFB8	NDUFS5
NDUFB8	NDUFB6
NDUFB8	NDUFS8
NDUFB9	NDUFB4
NDUFB9	UQCRC1
NDUFB9	ATP5F1D
NDUFB9	NDUFB7
NDUFB9	NDUFS7
NDUFB9	NDUFA2
NDUFB9	NDUFA10
NDUFB9	COX5B
NDUFB9	NDUFB5
NDUFB9	NDUFS3
NDUFB9	NDUFA9
NDUFB9	UQCRC2
NDUFB9	NDUFB10
NDUFB9	NDUFS6
NDUFB9	ATP5PF
NDUFB9	UQCRHL
NDUFB9	MT-CYB
NDUFB9	SDHD
NDUFB9	COX7A2
NDUFB9	COX6A2
NDUFB9	SDHB
NDUFB9	ATP5F1C
NDUFB9	COX7B
NDUFB9	COX4I1
NDUFB9	COX6C
NDUFB9	ATP5PD
NDUFB9	COX7C
NDUFB9	UQCR11
NDUFB9	COX6B1
NDUFB9	MT-ND6
NDUFB9	NDUFA4
NDUFB9	COX5A
NDUFB9	UQCRH
NDUFB9	UQCRQ
NDUFB9	CYC1
NDUFB9	NDUFC1
NDUFB9	UQCRB
NDUFB9	MT-ND4L
NDUFB9	UQCR10
NDUFB9	NDUFB1
NDUFB9	NDUFB3
NDUFB9	NDUFV2
NDUFB9	NDUFAB1
NDUFB9	NDUFS1
NDUFB9	MT-ND4
NDUFB9	MT-ND3
NDUFB9	NDUFA13
NDUFB9	NDUFC2
NDUFB9	NDUFB2
NDUFB9	NDUFA12
NDUFB9	MT-ND5
NDUFB9	NDUFA5
NDUFB9	NDUFB8
NDUFB9	NDUFA6
NDUFB9	NDUFA1
NDUFB9	NDUFA11
NDUFB9	NDUFS4
NDUFB9	NDUFA7
NDUFB9	MT-ND2
NDUFB9	UQCRFS1
NDUFB9	MT-ND1
NDUFB9	NDUFV1
NDUFB9	NDUFA3
NDUFB9	NDUFA8
NDUFB9	NDUFS5
NDUFB9	NDUFS2
NDUFB9	NDUFV3
NDUFB9	NDUFB6
NDUFB9	NDUFS8
NDUFC1	NDUFB4
NDUFC1	NDUFB7
NDUFC1	NDUFS7
NDUFC1	NDUFA2
NDUFC1	NDUFA10
NDUFC1	COX5B
NDUFC1	NDUFB5
NDUFC1	NDUFS3
NDUFC1	NDUFA9
NDUFC1	NDUFB10
NDUFC1	NDUFS6
NDUFC1	NDUFB9
NDUFC1	NDUFC2
NDUFC1	NDUFS4
NDUFC1	NDUFB8
NDUFC1	NDUFA7
NDUFC1	UQCRFS1
NDUFC1	UQCRH
NDUFC1	NDUFS8
NDUFC1	COX5A
NDUFC1	NDUFV2
NDUFC1	NDUFA12
NDUFC1	UQCR10
NDUFC1	NDUFA4
NDUFC1	NDUFV3
NDUFC1	MT-ND6
NDUFC1	MT-ND1
NDUFC1	MT-ND4L
NDUFC1	MT-ND5
NDUFC1	MT-ND4
NDUFC1	MT-ND2
NDUFC1	MT-ND3
NDUFC1	NDUFS2
NDUFC1	NDUFA1
NDUFC1	NDUFS5
NDUFC1	NDUFA8
NDUFC1	UQCRQ
NDUFC1	NDUFB6
NDUFC1	NDUFA11
NDUFC1	NDUFS1
NDUFC1	NDUFB3
NDUFC1	NDUFA5
NDUFC1	NDUFA3
NDUFC1	NDUFB2
NDUFC1	NDUFA13
NDUFC1	COX7C
NDUFC1	COX6B1
NDUFC1	COX7B
NDUFC1	UQCR11
NDUFC1	NDUFB1
NDUFC1	NDUFV1
NDUFC1	NDUFA6
NDUFC1	NDUFAB1
NDUFC2	NDUFB4
NDUFC2	UQCRC1
NDUFC2	NDUFB7
NDUFC2	NDUFS7
NDUFC2	NDUFA2
NDUFC2	NDUFA10
NDUFC2	COX5B
NDUFC2	NDUFB5
NDUFC2	NDUFS3
NDUFC2	NDUFA9
NDUFC2	UQCRC2
NDUFC2	NDUFB10
NDUFC2	NDUFS6
NDUFC2	NDUFB9
NDUFC2	COX6C
NDUFC2	COX7B
NDUFC2	COX6A2
NDUFC2	CYC1
NDUFC2	COX6B1
NDUFC2	COX4I1
NDUFC2	UQCRH
NDUFC2	COX7C
NDUFC2	UQCRFS1
NDUFC2	UQCRB
NDUFC2	UQCR10
NDUFC2	COX5A
NDUFC2	MT-ND4L
NDUFC2	UQCRQ
NDUFC2	UQCR11
NDUFC2	NDUFA4
NDUFC2	MT-ND6
NDUFC2	MT-ND1
NDUFC2	NDUFB2
NDUFC2	MT-ND3
NDUFC2	NDUFS1
NDUFC2	MT-ND5
NDUFC2	NDUFV3
NDUFC2	NDUFA3
NDUFC2	NDUFA1
NDUFC2	NDUFA11
NDUFC2	NDUFA5
NDUFC2	NDUFB8
NDUFC2	NDUFA6
NDUFC2	NDUFA12
NDUFC2	MT-ND4
NDUFC2	NDUFA13
NDUFC2	NDUFB3
NDUFC2	NDUFAB1
NDUFC2	NDUFV2
NDUFC2	NDUFC1
NDUFC2	NDUFB1
NDUFC2	NDUFB6
NDUFC2	NDUFS8
NDUFC2	NDUFA8
NDUFC2	NDUFS5
NDUFC2	NDUFS2
NDUFC2	MT-ND2
NDUFC2	NDUFV1
NDUFC2	NDUFS4
NDUFC2	NDUFA7
NDUFS1	NDUFB4
NDUFS1	UQCRC1
NDUFS1	NDUFB7
NDUFS1	NDUFS7
NDUFS1	NDUFA2
NDUFS1	NDUFA10
NDUFS1	COX5B
NDUFS1	NDUFB5
NDUFS1	ATP5F1B
NDUFS1	NDUFS3
NDUFS1	SDHA
NDUFS1	NDUFA9
NDUFS1	UQCRC2
NDUFS1	NDUFB10
NDUFS1	NDUFS6
NDUFS1	NDUFB9
NDUFS1	NDUFC2
NDUFS1	COX6A2
NDUFS1	NDUFS4
NDUFS1	NDUFB8
NDUFS1	NDUFA7
NDUFS1	UQCRFS1
NDUFS1	UQCRH
NDUFS1	NDUFS8
NDUFS1	CYC1
NDUFS1	COX5A
NDUFS1	NDUFV2
NDUFS1	NDUFA12
NDUFS1	UQCR10
NDUFS1	NDUFA4
NDUFS1	NDUFV3
NDUFS1	ATP5F1C
NDUFS1	MT-CO1
NDUFS1	MT-CYB
NDUFS1	MT-ND6
NDUFS1	MT-ND1
NDUFS1	MT-ND4L
NDUFS1	MT-ND5
NDUFS1	MT-CO2
NDUFS1	MT-ND4
NDUFS1	MT-CO3
NDUFS1	MT-ND2
NDUFS1	MT-ND3
NDUFS1	SDHC
NDUFS1	NDUFS2
NDUFS1	NDUFA1
NDUFS1	NDUFS5
NDUFS1	NDUFA8
NDUFS1	SDHB
NDUFS1	SDHD
NDUFS1	UQCRQ
NDUFS1	NDUFB6
NDUFS1	ATP5F1A
NDUFS1	NDUFA11
NDUFS1	COX7C
NDUFS1	UQCR11
NDUFS1	UQCRHL
NDUFS1	COX7B
NDUFS1	COX4I1
NDUFS1	COX6B1
NDUFS1	NDUFB2
NDUFS1	NDUFB1
NDUFS1	NDUFC1
NDUFS1	UQCRB
NDUFS1	NDUFV1
NDUFS1	NDUFA3
NDUFS1	NDUFB3
NDUFS1	NDUFAB1
NDUFS1	NDUFA13
NDUFS1	NDUFA6
NDUFS1	NDUFA5
NDUFS2	NDUFB4
NDUFS2	UQCRC1
NDUFS2	ATP5F1D
NDUFS2	NDUFB7
NDUFS2	NDUFS7
NDUFS2	NDUFA2
NDUFS2	NDUFA10
NDUFS2	COX5B
NDUFS2	NDUFB5
NDUFS2	ATP5F1B
NDUFS2	NDUFS3
NDUFS2	SDHA
NDUFS2	NDUFA9
NDUFS2	UQCRC2
NDUFS2	NDUFB10
NDUFS2	NDUFS6
NDUFS2	NDUFB9
NDUFS2	NDUFC2
NDUFS2	COX6A2
NDUFS2	NDUFS4
NDUFS2	NDUFB8
NDUFS2	NDUFA7
NDUFS2	UQCRFS1
NDUFS2	UQCRH
NDUFS2	NDUFS8
NDUFS2	CYC1
NDUFS2	COX5A
NDUFS2	NDUFV2
NDUFS2	NDUFA12
NDUFS2	UQCR10
NDUFS2	NDUFA4
NDUFS2	NDUFV3
NDUFS2	ATP5F1C
NDUFS2	MT-CO1
NDUFS2	MT-CYB
NDUFS2	MT-ND6
NDUFS2	MT-ND1
NDUFS2	MT-ND4L
NDUFS2	MT-ND5
NDUFS2	MT-CO2
NDUFS2	MT-ND4
NDUFS2	MT-CO3
NDUFS2	MT-ND2
NDUFS2	MT-ND3
NDUFS2	SDHC
NDUFS2	COX7B
NDUFS2	SDHD
NDUFS2	COX4I2
NDUFS2	UQCR11
NDUFS2	UQCRHL
NDUFS2	COX7C
NDUFS2	COX6B1
NDUFS2	ATP5F1A
NDUFS2	UQCRQ
NDUFS2	COX4I1
NDUFS2	NDUFB2
NDUFS2	NDUFB1
NDUFS2	NDUFC1
NDUFS2	SDHB
NDUFS2	UQCRB
NDUFS2	NDUFA13
NDUFS2	NDUFB3
NDUFS2	NDUFAB1
NDUFS2	NDUFS1
NDUFS2	NDUFA6
NDUFS2	NDUFA5
NDUFS2	NDUFV1
NDUFS2	NDUFA3
NDUFS2	NDUFA1
NDUFS2	NDUFA11
NDUFS2	NDUFB6
NDUFS2	NDUFA8
NDUFS2	NDUFS5
NDUFS3	NDUFB4
NDUFS3	UQCRC1
NDUFS3	ATP5F1D
NDUFS3	NDUFB7
NDUFS3	NDUFS7
NDUFS3	NDUFA2
NDUFS3	NDUFA10
NDUFS3	COX5B
NDUFS3	NDUFB5
NDUFS3	ATP5PF
NDUFS3	COX7B
NDUFS3	SDHC
NDUFS3	UQCR11
NDUFS3	COX6A2
NDUFS3	SDHD
NDUFS3	ATP5F1A
NDUFS3	COX7C
NDUFS3	COX6B1
NDUFS3	ATP5PD
NDUFS3	ATP5PO
NDUFS3	ATP5F1C
NDUFS3	UQCRQ
NDUFS3	MT-CO2
NDUFS3	MT-CYB
NDUFS3	UQCRH
NDUFS3	NDUFA4
NDUFS3	MT-CO3
NDUFS3	SDHA
NDUFS3	COX4I1
NDUFS3	MT-CO1
NDUFS3	UQCR10
NDUFS3	UQCRC2
NDUFS3	COX5A
NDUFS3	SDHB
NDUFS3	NDUFB2
NDUFS3	NDUFC1
NDUFS3	UQCRB
NDUFS3	NDUFB1
NDUFS3	UQCRFS1
NDUFS3	MT-ND2
NDUFS3	MT-ND1
NDUFS3	NDUFV1
NDUFS3	MT-ND4L
NDUFS3	NDUFA3
NDUFS3	NDUFB9
NDUFS3	NDUFA1
NDUFS3	NDUFA11
NDUFS3	CYC1
NDUFS3	NDUFS4
NDUFS3	NDUFA7
NDUFS3	NDUFB6
NDUFS3	NDUFS8
NDUFS3	NDUFA8
NDUFS3	NDUFS5
NDUFS3	NDUFS2
NDUFS3	NDUFB10
NDUFS3	NDUFV3
NDUFS3	MT-ND4
NDUFS3	MT-ND3
NDUFS3	NDUFA13
NDUFS3	NDUFC2
NDUFS3	MT-ND6
NDUFS3	NDUFB3
NDUFS3	NDUFAB1
NDUFS3	NDUFS1
NDUFS3	NDUFV2
NDUFS3	MT-ND5
NDUFS3	NDUFA9
NDUFS3	NDUFA5
NDUFS3	NDUFB8
NDUFS3	NDUFA6
NDUFS3	NDUFS6
NDUFS3	NDUFA12
NDUFS4	NDUFB4
NDUFS4	UQCRC1
NDUFS4	NDUFB7
NDUFS4	NDUFS7
NDUFS4	NDUFA2
NDUFS4	NDUFA10
NDUFS4	COX5B
NDUFS4	NDUFB5
NDUFS4	NDUFS3
NDUFS4	NDUFA9
NDUFS4	UQCRC2
NDUFS4	NDUFB10
NDUFS4	NDUFS6
NDUFS4	NDUFB9
NDUFS4	NDUFC2
NDUFS4	COX6A2
NDUFS4	ATP5PO
NDUFS4	ATP5F1C
NDUFS4	COX6C
NDUFS4	MT-CO3
NDUFS4	MT-CO1
NDUFS4	COX7B
NDUFS4	UQCRHL
NDUFS4	UQCR11
NDUFS4	MT-CYB
NDUFS4	ATP5PD
NDUFS4	COX6B1
NDUFS4	COX4I1
NDUFS4	COX5A
NDUFS4	UQCRQ
NDUFS4	NDUFA4
NDUFS4	COX7C
NDUFS4	MT-ND6
NDUFS4	NDUFB2
NDUFS4	NDUFB1
NDUFS4	UQCRH
NDUFS4	COX7A2L
NDUFS4	NDUFC1
NDUFS4	UQCR10
NDUFS4	MT-ND4L
NDUFS4	NDUFA13
NDUFS4	MT-ND4
NDUFS4	MT-ND3
NDUFS4	NDUFV2
NDUFS4	NDUFS1
NDUFS4	NDUFAB1
NDUFS4	NDUFB3
NDUFS4	NDUFB8
NDUFS4	NDUFA6
NDUFS4	NDUFA5
NDUFS4	MT-ND5
NDUFS4	NDUFA12
NDUFS4	UQCRB
NDUFS4	NDUFA3
NDUFS4	MT-ND1
NDUFS4	NDUFV1
NDUFS4	MT-ND2
NDUFS4	UQCRFS1
NDUFS4	NDUFA7
NDUFS4	CYC1
NDUFS4	NDUFA1
NDUFS4	NDUFA11
NDUFS4	NDUFS8
NDUFS4	NDUFB6
NDUFS4	NDUFV3
NDUFS4	NDUFS5
NDUFS4	NDUFS2
NDUFS4	NDUFA8
NDUFS5	NDUFB4
NDUFS5	UQCRC1
NDUFS5	NDUFB7
NDUFS5	NDUFS7
NDUFS5	NDUFA2
NDUFS5	NDUFA10
NDUFS5	COX5B
NDUFS5	NDUFB5
NDUFS5	NDUFS3
NDUFS5	NDUFA9
NDUFS5	UQCRC2
NDUFS5	NDUFB10
NDUFS5	NDUFS6
NDUFS5	NDUFB9
NDUFS5	NDUFC2
NDUFS5	COX6A2
NDUFS5	NDUFS4
NDUFS5	NDUFB8
NDUFS5	NDUFA7
NDUFS5	UQCRFS1
NDUFS5	UQCRH
NDUFS5	NDUFS8
NDUFS5	CYC1
NDUFS5	COX5A
NDUFS5	NDUFV2
NDUFS5	NDUFA12
NDUFS5	UQCR10
NDUFS5	NDUFA4
NDUFS5	NDUFV3
NDUFS5	MT-ND6
NDUFS5	MT-ND1
NDUFS5	MT-ND4L
NDUFS5	MT-ND5
NDUFS5	MT-ND4
NDUFS5	MT-ND2
NDUFS5	MT-ND3
NDUFS5	NDUFS2
NDUFS5	NDUFA1
NDUFS5	COX7B
NDUFS5	COX6B1
NDUFS5	COX4I1
NDUFS5	COX6C
NDUFS5	UQCRB
NDUFS5	COX7C
NDUFS5	UQCR11
NDUFS5	UQCRQ
NDUFS5	NDUFC1
NDUFS5	NDUFB2
NDUFS5	COX7A2L
NDUFS5	NDUFB1
NDUFS5	NDUFAB1
NDUFS5	NDUFS1
NDUFS5	NDUFB3
NDUFS5	NDUFA13
NDUFS5	NDUFA5
NDUFS5	NDUFA6
NDUFS5	NDUFA11
NDUFS5	NDUFA3
NDUFS5	NDUFV1
NDUFS5	NDUFA8
NDUFS5	NDUFB6
NDUFS6	NDUFB4
NDUFS6	UQCRC1
NDUFS6	ATP5F1D
NDUFS6	NDUFB7
NDUFS6	NDUFS7
NDUFS6	NDUFA2
NDUFS6	NDUFA10
NDUFS6	COX5B
NDUFS6	NDUFB5
NDUFS6	NDUFS3
NDUFS6	NDUFA9
NDUFS6	UQCRC2
NDUFS6	NDUFB10
NDUFS6	ATP5PD
NDUFS6	COX6C
NDUFS6	COX7B
NDUFS6	SDHD
NDUFS6	MT-CYB
NDUFS6	COX6B1
NDUFS6	COX6A2
NDUFS6	UQCRHL
NDUFS6	COX4I1
NDUFS6	UQCR11
NDUFS6	COX5A
NDUFS6	NDUFA4
NDUFS6	MT-ND6
NDUFS6	COX7C
NDUFS6	UQCRH
NDUFS6	UQCRB
NDUFS6	NDUFB2
NDUFS6	UQCRQ
NDUFS6	NDUFB1
NDUFS6	CYC1
NDUFS6	MT-ND4L
NDUFS6	NDUFA12
NDUFS6	MT-ND5
NDUFS6	NDUFA5
NDUFS6	NDUFB8
NDUFS6	NDUFA6
NDUFS6	NDUFB3
NDUFS6	NDUFS1
NDUFS6	NDUFAB1
NDUFS6	NDUFV2
NDUFS6	NDUFC1
NDUFS6	MT-ND4
NDUFS6	MT-ND3
NDUFS6	NDUFA13
NDUFS6	NDUFC2
NDUFS6	NDUFA8
NDUFS6	UQCR10
NDUFS6	NDUFS5
NDUFS6	NDUFS2
NDUFS6	NDUFV3
NDUFS6	NDUFB6
NDUFS6	NDUFS8
NDUFS6	NDUFA1
NDUFS6	NDUFA11
NDUFS6	NDUFS4
NDUFS6	NDUFA7
NDUFS6	UQCRFS1
NDUFS6	MT-ND2
NDUFS6	MT-ND1
NDUFS6	NDUFV1
NDUFS6	NDUFA3
NDUFS6	NDUFB9
NDUFS7	NDUFB4
NDUFS7	UQCRC1
NDUFS7	ATP5F1D
NDUFS7	NDUFB7
NDUFS7	COX7B
NDUFS7	MT-CO2
NDUFS7	COX7C
NDUFS7	COX6B1
NDUFS7	COX6A2
NDUFS7	MT-CYB
NDUFS7	UQCRH
NDUFS7	MT-CO3
NDUFS7	COX4I1
NDUFS7	SDHB
NDUFS7	MT-CO1
NDUFS7	UQCRB
NDUFS7	UQCRC2
NDUFS7	NDUFA4
NDUFS7	COX5A
NDUFS7	UQCR10
NDUFS7	COX5B
NDUFS7	SDHA
NDUFS7	UQCRQ
NDUFS7	UQCRFS1
NDUFS7	NDUFB2
NDUFS7	UQCR11
NDUFS7	NDUFB1
NDUFS7	NDUFC1
NDUFS7	MT-ND4L
NDUFS7	MT-ND6
NDUFS7	CYC1
NDUFS7	NDUFA12
NDUFS7	MT-ND5
NDUFS7	NDUFA9
NDUFS7	NDUFA5
NDUFS7	NDUFB8
NDUFS7	NDUFA6
NDUFS7	NDUFS6
NDUFS7	NDUFB3
NDUFS7	NDUFAB1
NDUFS7	NDUFS1
NDUFS7	NDUFV2
NDUFS7	MT-ND3
NDUFS7	MT-ND4
NDUFS7	NDUFC2
NDUFS7	NDUFA13
NDUFS7	NDUFB5
NDUFS7	NDUFA8
NDUFS7	NDUFS2
NDUFS7	NDUFS5
NDUFS7	NDUFA2
NDUFS7	NDUFB10
NDUFS7	NDUFV3
NDUFS7	NDUFB6
NDUFS7	NDUFS8
NDUFS7	NDUFA10
NDUFS7	NDUFA1
NDUFS7	NDUFA11
NDUFS7	NDUFS4
NDUFS7	NDUFA7
NDUFS7	MT-ND2
NDUFS7	MT-ND1
NDUFS7	NDUFS3
NDUFS7	NDUFV1
NDUFS7	NDUFA3
NDUFS7	NDUFB9
NDUFS8	NDUFB4
NDUFS8	UQCRC1
NDUFS8	ATP5F1D
NDUFS8	NDUFB7
NDUFS8	NDUFS7
NDUFS8	NDUFA2
NDUFS8	NDUFA10
NDUFS8	COX5B
NDUFS8	NDUFB5
NDUFS8	NDUFS3
NDUFS8	SDHA
NDUFS8	NDUFA9
NDUFS8	UQCRC2
NDUFS8	NDUFB10
NDUFS8	NDUFS6
NDUFS8	NDUFB9
NDUFS8	NDUFC2
NDUFS8	COX6A2
NDUFS8	NDUFS4
NDUFS8	NDUFB8
NDUFS8	NDUFA7
NDUFS8	UQCRFS1
NDUFS8	UQCRH
NDUFS8	ATP5F1C
NDUFS8	COX7C
NDUFS8	UQCRHL
NDUFS8	COX6B1
NDUFS8	UQCR11
NDUFS8	MT-CO2
NDUFS8	COX4I1
NDUFS8	SDHD
NDUFS8	MT-CO1
NDUFS8	MT-CYB
NDUFS8	MT-CO3
NDUFS8	SDHC
NDUFS8	NDUFA4
NDUFS8	COX5A
NDUFS8	NDUFB1
NDUFS8	NDUFB2
NDUFS8	MT-ND6
NDUFS8	NDUFC1
NDUFS8	UQCR10
NDUFS8	SDHB
NDUFS8	UQCRB
NDUFS8	UQCRQ
NDUFS8	NDUFB6
NDUFS8	NDUFA8
NDUFS8	NDUFS2
NDUFS8	NDUFS5
NDUFS8	NDUFV3
NDUFS8	MT-ND2
NDUFS8	MT-ND1
NDUFS8	MT-ND4L
NDUFS8	NDUFV1
NDUFS8	NDUFA3
NDUFS8	NDUFA1
NDUFS8	NDUFA11
NDUFS8	CYC1
NDUFS8	MT-ND5
NDUFS8	NDUFA5
NDUFS8	NDUFA6
NDUFS8	NDUFA12
NDUFS8	MT-ND3
NDUFS8	MT-ND4
NDUFS8	NDUFA13
NDUFS8	NDUFB3
NDUFS8	NDUFS1
NDUFS8	NDUFAB1
NDUFS8	NDUFV2
NDUFV1	NDUFB4
NDUFV1	UQCRC1
NDUFV1	ATP5F1D
NDUFV1	NDUFB7
NDUFV1	NDUFS7
NDUFV1	NDUFA2
NDUFV1	NDUFA10
NDUFV1	COX5B
NDUFV1	NDUFB5
NDUFV1	NDUFS3
NDUFV1	SDHA
NDUFV1	NDUFA9
NDUFV1	UQCRC2
NDUFV1	NDUFB10
NDUFV1	NDUFS6
NDUFV1	NDUFB9
NDUFV1	NDUFC2
NDUFV1	COX6A2
NDUFV1	NDUFS4
NDUFV1	NDUFB8
NDUFV1	NDUFA7
NDUFV1	UQCRFS1
NDUFV1	UQCRH
NDUFV1	NDUFS8
NDUFV1	CYC1
NDUFV1	COX5A
NDUFV1	NDUFV2
NDUFV1	NDUFA12
NDUFV1	UQCR10
NDUFV1	NDUFA4
NDUFV1	NDUFV3
NDUFV1	ATP5F1C
NDUFV1	MT-CO1
NDUFV1	MT-CYB
NDUFV1	MT-ND6
NDUFV1	MT-ND1
NDUFV1	MT-ND4L
NDUFV1	MT-ND5
NDUFV1	MT-CO2
NDUFV1	MT-ND4
NDUFV1	MT-CO3
NDUFV1	MT-ND2
NDUFV1	MT-ND3
NDUFV1	NDUFS2
NDUFV1	NDUFA1
NDUFV1	NDUFS5
NDUFV1	NDUFA8
NDUFV1	SDHB
NDUFV1	UQCRQ
NDUFV1	NDUFB6
NDUFV1	ATP5F1A
NDUFV1	NDUFA11
NDUFV1	NDUFS1
NDUFV1	NDUFB3
NDUFV1	NDUFA5
NDUFV1	NDUFA3
NDUFV1	NDUFB2
NDUFV1	NDUFA13
NDUFV1	COX7C
NDUFV1	UQCRB
NDUFV1	NDUFC1
NDUFV1	COX4I1
NDUFV1	NDUFAB1
NDUFV1	COX6B1
NDUFV1	UQCR11
NDUFV1	NDUFA6
NDUFV1	NDUFB1
NDUFV1	UQCRHL
NDUFV1	COX7B
NDUFV2	NDUFB4
NDUFV2	UQCRC1
NDUFV2	ATP5F1D
NDUFV2	NDUFB7
NDUFV2	NDUFS7
NDUFV2	NDUFA2
NDUFV2	NDUFA10
NDUFV2	COX5B
NDUFV2	NDUFB5
NDUFV2	NDUFS3
NDUFV2	SDHA
NDUFV2	NDUFA9
NDUFV2	UQCRC2
NDUFV2	NDUFB10
NDUFV2	NDUFS6
NDUFV2	NDUFB9
NDUFV2	NDUFC2
NDUFV2	COX6A2
NDUFV2	ATP5PO
NDUFV2	NDUFS4
NDUFV2	NDUFB8
NDUFV2	NDUFA7
NDUFV2	ATP5PD
NDUFV2	UQCRFS1
NDUFV2	UQCRH
NDUFV2	NDUFS8
NDUFV2	CYC1
NDUFV2	COX5A
NDUFV2	ATP5PF
NDUFV2	UQCR11
NDUFV2	COX7B
NDUFV2	ATP5PB
NDUFV2	UQCRHL
NDUFV2	SDHD
NDUFV2	COX7C
NDUFV2	ATP5F1C
NDUFV2	COX6B1
NDUFV2	MT-CO2
NDUFV2	COX4I1
NDUFV2	SDHC
NDUFV2	MT-CO3
NDUFV2	MT-CYB
NDUFV2	MT-CO1
NDUFV2	NDUFA4
NDUFV2	UQCRQ
NDUFV2	MT-ND6
NDUFV2	UQCR10
NDUFV2	NDUFB2
NDUFV2	NDUFB1
NDUFV2	MT-ND4L
NDUFV2	NDUFB6
NDUFV2	NDUFA8
NDUFV2	NDUFS5
NDUFV2	NDUFS2
NDUFV2	NDUFV3
NDUFV2	MT-ND2
NDUFV2	NDUFV1
NDUFV2	MT-ND1
NDUFV2	NDUFA3
NDUFV2	NDUFA11
NDUFV2	NDUFA1
NDUFV2	MT-ND5
NDUFV2	NDUFA5
NDUFV2	NDUFA6
NDUFV2	SDHB
NDUFV2	UQCRB
NDUFV2	NDUFA12
NDUFV2	MT-ND4
NDUFV2	MT-ND3
NDUFV2	NDUFA13
NDUFV2	NDUFB3
NDUFV2	NDUFS1
NDUFV2	NDUFAB1
NDUFV2	NDUFC1
NDUFV3	NDUFB4
NDUFV3	UQCRC1
NDUFV3	NDUFB7
NDUFV3	NDUFS7
NDUFV3	NDUFA2
NDUFV3	NDUFA10
NDUFV3	COX5B
NDUFV3	NDUFB5
NDUFV3	NDUFS3
NDUFV3	NDUFA9
NDUFV3	UQCRC2
NDUFV3	NDUFB10
NDUFV3	NDUFS6
NDUFV3	NDUFB9
NDUFV3	NDUFC2
NDUFV3	COX7A1
NDUFV3	NDUFS4
NDUFV3	NDUFB8
NDUFV3	NDUFA7
NDUFV3	UQCRFS1
NDUFV3	UQCRH
NDUFV3	NDUFS8
NDUFV3	COX5A
NDUFV3	NDUFV2
NDUFV3	NDUFA12
NDUFV3	UQCR10
NDUFV3	NDUFA4
NDUFV3	UQCRQ
NDUFV3	COX7B
NDUFV3	COX6B1
NDUFV3	COX4I1
NDUFV3	UQCR11
NDUFV3	COX7C
NDUFV3	MT-ND4L
NDUFV3	MT-ND6
NDUFV3	MT-ND3
NDUFV3	NDUFB1
NDUFV3	MT-ND5
NDUFV3	NDUFB2
NDUFV3	MT-ND4
NDUFV3	MT-ND1
NDUFV3	MT-ND2
NDUFV3	NDUFA6
NDUFV3	NDUFA5
NDUFV3	NDUFA13
NDUFV3	NDUFC1
NDUFV3	NDUFS1
NDUFV3	NDUFAB1
NDUFV3	NDUFB3
NDUFV3	NDUFB6
NDUFV3	NDUFS2
NDUFV3	NDUFS5
NDUFV3	NDUFA8
NDUFV3	NDUFA3
NDUFV3	NDUFV1
NDUFV3	NDUFA1
NDUFV3	NDUFA11
NFKB1	RAF1
NFKB1	MAPK9
NFKB1	IL1A
NFKB1	CTNNB1
NFKB1	MAPK8
NFKB1	IL6
NFKB1	IL1B
NFKB1	TNF
NFKB1	CHUK
NFKB1	IKBKB
NFKB1	RELA
NOS1	MAPK1
NOS1	KRAS
NOS1	MAPK3
NOS1	GRIN2D
NOS1	CACNA1C
NOS1	CACNA1D
NOS1	CALM3
NOS1	GRIN2C
NOS1	CALML6
NOS1	ITPR1
NOS1	CALML3
NOS1	NOS2
NOS1	GRIN2A
NOS1	NRAS
NOS1	GRIN1
NOS1	ITPR3
NOS1	CALML5
NOS1	AKT2
NOS1	HRAS
NOS1	CALML4
NOS1	AKT1
NOS1	GRIN2B
NOS1	AKT3
NOS1	RYR3
NOS2	CALM3
NOS2	CALML6
NOS2	CALML3
NOS2	AKT3
NOS2	PTGS2
NOS2	NOS1
NOS2	AKT2
NOS2	AKT1
NOS2	CALML5
NOS2	CALML4
NOX1	TNFRSF1A
NOX1	NOX4
NOX1	AGER
NOX1	AKT1
NOX1	CYBB
NOX4	AGER
NOX4	CYBB
NOX4	NOX1
NRAS	MAPK1
NRAS	PIK3R2
NRAS	KRAS
NRAS	PIK3R3
NRAS	MAP2K2
NRAS	MAPK3
NRAS	PIK3CA
NRAS	GNAQ
NRAS	ARAF
NRAS	CALM3
NRAS	MAP2K1
NRAS	CALML6
NRAS	CALML3
NRAS	NOS1
NRAS	AGER
NRAS	MAPK9
NRAS	HRAS
NRAS	MAPK8
NRAS	PIK3CB
NRAS	CALML4
NRAS	PIK3CD
NRAS	PIK3R1
NRAS	CALML5
NRAS	BRAF
NRAS	RAF1
NRBF2	RB1CC1
NRBF2	ATG14
NRBF2	PIK3C3
NRBF2	BECN2
NRBF2	ULK2
NRBF2	ATG101
NRBF2	BECN1
NRBF2	ULK1
NRBF2	PIK3R4
PIK3C3	RB1CC1
PIK3C3	PIK3R2
PIK3C3	ATG14
PIK3C3	WIPI1
PIK3C3	PIK3R3
PIK3C3	PIK3R1
PIK3C3	WIPI2
PIK3C3	CALML4
PIK3C3	CALML6
PIK3C3	CALML3
PIK3C3	CALML5
PIK3C3	CALM3
PIK3C3	ATG101
PIK3C3	ULK2
PIK3C3	BECN1
PIK3C3	ULK1
PIK3C3	BECN2
PIK3C3	NRBF2
PIK3C3	PIK3R4
PIK3CA	PIK3R2
PIK3CA	TRAF2
PIK3CA	KRAS
PIK3CA	PIK3R3
PIK3CA	GNAQ
PIK3CA	CTNNB1
PIK3CA	INSR
PIK3CA	BRAF
PIK3CA	MTOR
PIK3CA	RAF1
PIK3CA	IRS4
PIK3CA	AKT3
PIK3CA	AKT2
PIK3CA	IRS2
PIK3CA	HRAS
PIK3CA	NRAS
PIK3CA	PIK3CD
PIK3CA	PIK3CB
PIK3CA	AKT1
PIK3CA	IRS1
PIK3CA	PIK3R1
PIK3CB	PIK3R2
PIK3CB	TRAF2
PIK3CB	KRAS
PIK3CB	PIK3R3
PIK3CB	PIK3CA
PIK3CB	INSR
PIK3CB	IRS1
PIK3CB	MTOR
PIK3CB	NRAS
PIK3CB	IRS4
PIK3CB	IRS2
PIK3CB	PIK3CD
PIK3CB	AKT2
PIK3CB	RAF1
PIK3CB	HRAS
PIK3CB	PIK3R1
PIK3CB	AKT1
PIK3CB	AKT3
PIK3CD	PIK3R2
PIK3CD	TRAF2
PIK3CD	KRAS
PIK3CD	PIK3R3
PIK3CD	PIK3CA
PIK3CD	INSR
PIK3CD	IRS1
PIK3CD	MTOR
PIK3CD	NRAS
PIK3CD	IRS4
PIK3CD	IRS2
PIK3CD	RAF1
PIK3CD	AKT3
PIK3CD	AKT2
PIK3CD	HRAS
PIK3CD	AKT1
PIK3CD	PIK3CB
PIK3CD	PIK3R1
PIK3R1	PIK3R2
PIK3R1	TRAF2
PIK3R1	KRAS
PIK3R1	PIK3C3
PIK3R1	PIK3R3
PIK3R1	PIK3CA
PIK3R1	INSR
PIK3R1	IRS1
PIK3R1	MTOR
PIK3R1	NRAS
PIK3R1	IRS4
PIK3R1	IRS2
PIK3R1	PIK3CD
PIK3R1	AKT2
PIK3R1	RAF1
PIK3R1	HRAS
PIK3R1	AKT3
PIK3R1	AKT1
PIK3R1	PIK3CB
PIK3R2	XBP1
PIK3R2	TRAF2
PIK3R2	RAF1
PIK3R2	HRAS
PIK3R2	PIK3C3
PIK3R2	NRAS
PIK3R2	MTOR
PIK3R2	KRAS
PIK3R2	AKT2
PIK3R2	AKT3
PIK3R2	AKT1
PIK3R2	IRS2
PIK3R2	IRS4
PIK3R2	IRS1
PIK3R2	PIK3R3
PIK3R2	PIK3R1
PIK3R2	PIK3CB
PIK3R2	PIK3CD
PIK3R2	PIK3CA
PIK3R3	PIK3R2
PIK3R3	TRAF2
PIK3R3	KRAS
PIK3R3	PIK3C3
PIK3R3	RAF1
PIK3R3	HRAS
PIK3R3	NRAS
PIK3R3	MTOR
PIK3R3	AKT2
PIK3R3	AKT1
PIK3R3	IRS2
PIK3R3	AKT3
PIK3R3	IRS4
PIK3R3	IRS1
PIK3R3	PIK3R1
PIK3R3	PIK3CA
PIK3R3	PIK3CD
PIK3R3	PIK3CB
PIK3R4	RB1CC1
PIK3R4	ATG14
PIK3R4	PIK3C3
PIK3R4	NRBF2
PIK3R4	ULK1
PIK3R4	ATG101
PIK3R4	ULK2
PIK3R4	BECN1
PIK3R4	BECN2
PLCB1	GNAQ
PLCB1	ITPR1
PLCB1	ITPR2
PLCB1	ITPR3
PLCB2	ITPR2
PLCB2	ITPR1
PLCB2	ITPR3
PLCB2	GNAQ
PLCB3	GNAQ
PLCB3	ITPR1
PLCB3	ITPR3
PLCB3	ITPR2
PLCB4	GNAQ
PLCB4	ITPR1
PLCB4	ITPR3
PLCB4	ITPR2
PPID	PPIF
PPID	SLC25A31
PPID	SLC25A4
PPID	ATP5PO
PPID	VDAC3
PPID	VDAC2
PPID	SLC25A5
PPID	SLC25A6
PPID	VDAC1
PPIF	ITPR3
PPIF	PPID
PPIF	VDAC2
PPIF	SLC25A31
PPIF	SLC25A5
PPIF	VDAC3
PPIF	SLC25A6
PPIF	ITPR1
PPIF	CYCS
PPIF	ATP5PO
PPIF	SLC25A4
PPIF	VDAC1
PPP3CA	PPP3R1
PPP3CA	CACNA1C
PPP3CA	CACNA1D
PPP3CA	CALM3
PPP3CA	CALML6
PPP3CA	CALML3
PPP3CA	GSK3B
PPP3CA	CALML5
PPP3CA	BAD
PPP3CA	PPP3CB
PPP3CA	PPP3CC
PPP3CA	PPP3R2
PPP3CA	CALML4
PPP3CB	PPP3R1
PPP3CB	CACNA1C
PPP3CB	CACNA1D
PPP3CB	CALM3
PPP3CB	CALML6
PPP3CB	CALML3
PPP3CB	GSK3B
PPP3CB	CALML5
PPP3CB	BAD
PPP3CB	CALML4
PPP3CB	PPP3R2
PPP3CB	PPP3CA
PPP3CB	PPP3CC
PPP3CC	PPP3R1
PPP3CC	CACNA1C
PPP3CC	CACNA1D
PPP3CC	CALM3
PPP3CC	CALML6
PPP3CC	CALML3
PPP3CC	GSK3B
PPP3CC	CALML5
PPP3CC	BAD
PPP3CC	PPP3CB
PPP3CC	PPP3CA
PPP3CC	CALML4
PPP3CC	PPP3R2
PPP3R1	BAD
PPP3R1	GSK3B
PPP3R1	PPP3R2
PPP3R1	CALML6
PPP3R1	CALML3
PPP3R1	CALML5
PPP3R1	CALM3
PPP3R1	CALML4
PPP3R1	PPP3CC
PPP3R1	PPP3CB
PPP3R1	PPP3CA
PPP3R2	PPP3R1
PPP3R2	GSK3B
PPP3R2	BAD
PPP3R2	PPP3CB
PPP3R2	PPP3CA
PPP3R2	PPP3CC
PSEN1	APOE
PSEN1	ADAM10
PSEN1	APH1B
PSEN1	APP
PSEN1	NCSTN
PSEN1	ITPR1
PSEN1	EIF2AK3
PSEN1	BACE1
PSEN1	GSK3B
PSEN1	ITPR2
PSEN1	ITPR3
PSEN1	RYR3
PSEN1	MAPT
PSEN1	ERN1
PSEN1	PSENEN
PSEN1	CTNNB1
PSEN1	PSEN2
PSEN1	APH1A
PSEN2	APOE
PSEN2	APH1B
PSEN2	APP
PSEN2	NCSTN
PSEN2	ITPR1
PSEN2	EIF2AK3
PSEN2	PSEN1
PSEN2	ERN1
PSEN2	ITPR2
PSEN2	ITPR3
PSEN2	RYR3
PSEN2	APH1A
PSEN2	PSENEN
PSENEN	APH1B
PSENEN	APP
PSENEN	NCSTN
PSENEN	PSEN1
PSENEN	PSEN2
PSENEN	APH1A
PSMA1	PSMA4
PSMA1	PSMC4
PSMA1	PSMD8
PSMA1	PSMA3
PSMA1	PSMD7
PSMA1	PSMA2
PSMA1	PSMB7
PSMA1	PSMC1
PSMA1	PSMA6
PSMA1	PSMD11
PSMA1	PSMB1
PSMA1	PSMD3
PSMA1	PSMB6
PSMA1	PSMA5
PSMA1	PSMB4
PSMA1	PSMD1
PSMA1	PSMD2
PSMA1	PSMC5
PSMA1	PSMA8
PSMA1	PSMD12
PSMA1	PSMB5
PSMA1	PSMD4
PSMA1	PSMA7
PSMA1	PSMB2
PSMA1	PSMD14
PSMA1	PSMC2
PSMA1	ADRM1
PSMA1	PSMC6
PSMA1	PSMB3
PSMA1	PSMC3
PSMA2	PSMA4
PSMA2	PSMC4
PSMA2	PSMD8
PSMA2	PSMA3
PSMA2	PSMD7
PSMA2	ADRM1
PSMA2	PSMA8
PSMA2	PSMB1
PSMA2	PSMD12
PSMA2	PSMA6
PSMA2	PSMA5
PSMA2	PSMD2
PSMA2	PSMD1
PSMA2	PSMC1
PSMA2	PSMD14
PSMA2	PSMB2
PSMA2	PSMB3
PSMA2	PSMC6
PSMA2	PSMC3
PSMA2	PSMC5
PSMA2	PSMD11
PSMA2	PSMD4
PSMA2	PSMC2
PSMA2	PSMA7
PSMA2	PSMD3
PSMA2	PSMB4
PSMA2	PSMB5
PSMA2	PSMB7
PSMA2	PSMA1
PSMA2	PSMB6
PSMA3	PSMA4
PSMA3	PSMC4
PSMA3	PSMD8
PSMA3	ADRM1
PSMA3	PSMA8
PSMA3	PSMD3
PSMA3	PSMC5
PSMA3	PSMC6
PSMA3	PSMB3
PSMA3	PSMD14
PSMA3	PSMC1
PSMA3	PSMD1
PSMA3	PSMB2
PSMA3	PSMA5
PSMA3	PSMD2
PSMA3	PSMD7
PSMA3	PSMB1
PSMA3	PSMA6
PSMA3	PSMD12
PSMA3	PSMA1
PSMA3	PSMB6
PSMA3	PSMB4
PSMA3	PSMB5
PSMA3	PSMB7
PSMA3	PSMA2
PSMA3	PSMC2
PSMA3	PSMA7
PSMA3	PSMD4
PSMA3	PSMC3
PSMA3	PSMD11
PSMA4	ADRM1
PSMA4	PSMA8
PSMA4	PSMD3
PSMA4	PSMD8
PSMA4	PSMC6
PSMA4	PSMB3
PSMA4	PSMA3
PSMA4	PSMC1
PSMA4	PSMD14
PSMA4	PSMD1
PSMA4	PSMB2
PSMA4	PSMA5
PSMA4	PSMD2
PSMA4	PSMD7
PSMA4	PSMB1
PSMA4	PSMA6
PSMA4	PSMD12
PSMA4	PSMA1
PSMA4	PSMB6
PSMA4	PSMB4
PSMA4	PSMB5
PSMA4	PSMB7
PSMA4	PSMA2
PSMA4	PSMD4
PSMA4	PSMC2
PSMA4	PSMA7
PSMA4	PSMC3
PSMA4	PSMC4
PSMA4	PSMC5
PSMA4	PSMD11
PSMA5	PSMA4
PSMA5	PSMC4
PSMA5	PSMD8
PSMA5	PSMA3
PSMA5	PSMD7
PSMA5	PSMA2
PSMA5	PSMB7
PSMA5	PSMC1
PSMA5	PSMA6
PSMA5	PSMD11
PSMA5	PSMB1
PSMA5	PSMD3
PSMA5	PSMB6
PSMA5	ADRM1
PSMA5	PSMA8
PSMA5	PSMD2
PSMA5	PSMD12
PSMA5	PSMC6
PSMA5	PSMB3
PSMA5	PSMD1
PSMA5	PSMD14
PSMA5	PSMB2
PSMA5	PSMC2
PSMA5	PSMA7
PSMA5	PSMD4
PSMA5	PSMC5
PSMA5	PSMC3
PSMA5	PSMA1
PSMA5	PSMB4
PSMA5	PSMB5
PSMA6	PSMA4
PSMA6	PSMC4
PSMA6	PSMD8
PSMA6	PSMA3
PSMA6	PSMD7
PSMA6	PSMA2
PSMA6	PSMB7
PSMA6	PSMC1
PSMA6	ADRM1
PSMA6	PSMA8
PSMA6	PSMD3
PSMA6	PSMD2
PSMA6	PSMB2
PSMA6	PSMD1
PSMA6	PSMD14
PSMA6	PSMC6
PSMA6	PSMB3
PSMA6	PSMD12
PSMA6	PSMB1
PSMA6	PSMA5
PSMA6	PSMB5
PSMA6	PSMB4
PSMA6	PSMB6
PSMA6	PSMA1
PSMA6	PSMD11
PSMA6	PSMC3
PSMA6	PSMC5
PSMA6	PSMD4
PSMA6	PSMA7
PSMA6	PSMC2
PSMA7	PSMA4
PSMA7	PSMC4
PSMA7	PSMD8
PSMA7	PSMA3
PSMA7	PSMD7
PSMA7	PSMA2
PSMA7	PSMB7
PSMA7	PSMC1
PSMA7	PSMA6
PSMA7	PSMD11
PSMA7	PSMB1
PSMA7	PSMD3
PSMA7	PSMB6
PSMA7	PSMA5
PSMA7	PSMB4
PSMA7	PSMD1
PSMA7	PSMD2
PSMA7	PSMC5
PSMA7	PSMA8
PSMA7	PSMD12
PSMA7	PSMB5
PSMA7	PSMD4
PSMA7	ADRM1
PSMA7	PSMC3
PSMA7	PSMD14
PSMA7	PSMB3
PSMA7	PSMC6
PSMA7	PSMB2
PSMA7	PSMA1
PSMA7	PSMC2
PSMA8	PSMA4
PSMA8	PSMC4
PSMA8	PSMD8
PSMA8	PSMA3
PSMA8	PSMD7
PSMA8	PSMA2
PSMA8	PSMB7
PSMA8	PSMC1
PSMA8	PSMA6
PSMA8	PSMB1
PSMA8	PSMD3
PSMA8	PSMB6
PSMA8	PSMA5
PSMA8	PSMB4
PSMA8	PSMD1
PSMA8	PSMD2
PSMA8	PSMC5
PSMA8	PSMD12
PSMA8	PSMC6
PSMA8	PSMD14
PSMA8	PSMC3
PSMA8	PSMA7
PSMA8	PSMC2
PSMA8	PSMD4
PSMA8	PSMB5
PSMA8	PSMB3
PSMA8	PSMB2
PSMA8	PSMA1
PSMB1	PSMA4
PSMB1	PSMC4
PSMB1	PSMD8
PSMB1	PSMA3
PSMB1	PSMD7
PSMB1	PSMA2
PSMB1	PSMB7
PSMB1	PSMC1
PSMB1	PSMA6
PSMB1	PSMD11
PSMB1	ADRM1
PSMB1	PSMA8
PSMB1	PSMC5
PSMB1	PSMD12
PSMB1	PSMA5
PSMB1	PSMD2
PSMB1	PSMD14
PSMB1	PSMD1
PSMB1	PSMB2
PSMB1	PSMB3
PSMB1	PSMC6
PSMB1	PSMC3
PSMB1	PSMD3
PSMB1	PSMA7
PSMB1	PSMC2
PSMB1	PSMD4
PSMB1	PSMB5
PSMB1	PSMB4
PSMB1	PSMA1
PSMB1	PSMB6
PSMB2	PSMA4
PSMB2	PSMC4
PSMB2	PSMD8
PSMB2	PSMA3
PSMB2	PSMD7
PSMB2	PSMA2
PSMB2	PSMB7
PSMB2	PSMC1
PSMB2	PSMA6
PSMB2	PSMD11
PSMB2	PSMB1
PSMB2	PSMD3
PSMB2	PSMB6
PSMB2	PSMA5
PSMB2	PSMB4
PSMB2	PSMD1
PSMB2	PSMD2
PSMB2	PSMC5
PSMB2	PSMA8
PSMB2	PSMD12
PSMB2	PSMB5
PSMB2	PSMD4
PSMB2	PSMA7
PSMB2	ADRM1
PSMB2	PSMC3
PSMB2	PSMC2
PSMB2	PSMA1
PSMB2	PSMD14
PSMB2	PSMB3
PSMB2	PSMC6
PSMB3	PSMA4
PSMB3	PSMC4
PSMB3	PSMD8
PSMB3	PSMA3
PSMB3	PSMD7
PSMB3	PSMA2
PSMB3	PSMB7
PSMB3	PSMC1
PSMB3	PSMA6
PSMB3	PSMD11
PSMB3	PSMB1
PSMB3	PSMD3
PSMB3	PSMB6
PSMB3	PSMA5
PSMB3	PSMB4
PSMB3	PSMD1
PSMB3	PSMD2
PSMB3	PSMC5
PSMB3	PSMA8
PSMB3	PSMD12
PSMB3	PSMB5
PSMB3	PSMD4
PSMB3	PSMA7
PSMB3	PSMB2
PSMB3	PSMD14
PSMB3	PSMC2
PSMB3	PSMA1
PSMB3	ADRM1
PSMB3	PSMC3
PSMB3	PSMC6
PSMB4	PSMA4
PSMB4	PSMC4
PSMB4	PSMD8
PSMB4	PSMA3
PSMB4	PSMD7
PSMB4	PSMA2
PSMB4	PSMB7
PSMB4	PSMC1
PSMB4	PSMA6
PSMB4	PSMD11
PSMB4	PSMB1
PSMB4	PSMD3
PSMB4	PSMB6
PSMB4	PSMA5
PSMB4	ADRM1
PSMB4	PSMC5
PSMB4	PSMC3
PSMB4	PSMD2
PSMB4	PSMA8
PSMB4	PSMD1
PSMB4	PSMA7
PSMB4	PSMC2
PSMB4	PSMD4
PSMB4	PSMA1
PSMB4	PSMB5
PSMB4	PSMD12
PSMB4	PSMB3
PSMB4	PSMC6
PSMB4	PSMD14
PSMB4	PSMB2
PSMB5	PSMA4
PSMB5	PSMC4
PSMB5	PSMD8
PSMB5	PSMA3
PSMB5	PSMD7
PSMB5	PSMA2
PSMB5	PSMB7
PSMB5	PSMC1
PSMB5	PSMA6
PSMB5	PSMD11
PSMB5	PSMB1
PSMB5	PSMD3
PSMB5	PSMB6
PSMB5	PSMA5
PSMB5	PSMB4
PSMB5	PSMD1
PSMB5	PSMD2
PSMB5	PSMC5
PSMB5	PSMA8
PSMB5	PSMD12
PSMB5	ADRM1
PSMB5	PSMD4
PSMB5	PSMD14
PSMB5	PSMA1
PSMB5	PSMC3
PSMB5	PSMC2
PSMB5	PSMA7
PSMB5	PSMB2
PSMB5	PSMB3
PSMB5	PSMC6
PSMB6	PSMA4
PSMB6	PSMC4
PSMB6	PSMD8
PSMB6	PSMA3
PSMB6	PSMD7
PSMB6	PSMA2
PSMB6	PSMB7
PSMB6	PSMC1
PSMB6	PSMA6
PSMB6	PSMD11
PSMB6	PSMB1
PSMB6	PSMD3
PSMB6	ADRM1
PSMB6	PSMC5
PSMB6	PSMD2
PSMB6	PSMD12
PSMB6	PSMD1
PSMB6	PSMC2
PSMB6	PSMC3
PSMB6	PSMA7
PSMB6	PSMD4
PSMB6	PSMA1
PSMB6	PSMB5
PSMB6	PSMB4
PSMB6	PSMA5
PSMB6	PSMA8
PSMB6	PSMC6
PSMB6	PSMB3
PSMB6	PSMB2
PSMB6	PSMD14
PSMB7	PSMA4
PSMB7	PSMC4
PSMB7	PSMD8
PSMB7	PSMA3
PSMB7	PSMD7
PSMB7	PSMA2
PSMB7	ADRM1
PSMB7	PSMC5
PSMB7	PSMC1
PSMB7	PSMD1
PSMB7	PSMB5
PSMB7	PSMB4
PSMB7	PSMA1
PSMB7	PSMB6
PSMB7	PSMC3
PSMB7	PSMD11
PSMB7	PSMD3
PSMB7	PSMA7
PSMB7	PSMC2
PSMB7	PSMD4
PSMB7	PSMD14
PSMB7	PSMB2
PSMB7	PSMC6
PSMB7	PSMB3
PSMB7	PSMA8
PSMB7	PSMB1
PSMB7	PSMA6
PSMB7	PSMD12
PSMB7	PSMA5
PSMB7	PSMD2
PSMC1	PSMA4
PSMC1	PSMC4
PSMC1	PSMD8
PSMC1	PSMA3
PSMC1	PSMD7
PSMC1	PSMA2
PSMC1	PSMB7
PSMC1	PSMD9
PSMC1	PSMA8
PSMC1	PSMD1
PSMC1	PSMD14
PSMC1	PSMB2
PSMC1	PSMC6
PSMC1	PSMB3
PSMC1	PSMB1
PSMC1	PSMD12
PSMC1	PSMA6
PSMC1	PSMA5
PSMC1	PSMD2
PSMC1	PSMB4
PSMC1	PSMB5
PSMC1	PSMA1
PSMC1	ADRM1
PSMC1	PSMB6
PSMC1	PSMC3
PSMC1	PSMC5
PSMC1	PSMD11
PSMC1	PSMD4
PSMC1	PSMC2
PSMC1	PSMA7
PSMC1	PSMD3
PSMC2	PSMA4
PSMC2	PSMC4
PSMC2	PSMD8
PSMC2	PSMA3
PSMC2	PSMD7
PSMC2	PSMA2
PSMC2	PSMB7
PSMC2	PSMC1
PSMC2	PSMA6
PSMC2	PSMD11
PSMC2	PSMB1
PSMC2	PSMD3
PSMC2	PSMB6
PSMC2	PSMA5
PSMC2	PSMB4
PSMC2	PSMD1
PSMC2	PSMD2
PSMC2	PSMC5
PSMC2	PSMA8
PSMC2	PSMD12
PSMC2	PSMB5
PSMC2	PSMD4
PSMC2	PSMA7
PSMC2	PSMB2
PSMC2	PSMD14
PSMC2	PSMD9
PSMC2	PSMC6
PSMC2	PSMB3
PSMC2	PSMA1
PSMC2	ADRM1
PSMC2	PSMC3
PSMC3	PSMA4
PSMC3	PSMC4
PSMC3	PSMD8
PSMC3	PSMA3
PSMC3	PSMD7
PSMC3	PSMA2
PSMC3	PSMB7
PSMC3	PSMC1
PSMC3	PSMA6
PSMC3	PSMD11
PSMC3	PSMB1
PSMC3	PSMD3
PSMC3	PSMB6
PSMC3	PSMA5
PSMC3	PSMB4
PSMC3	PSMD1
PSMC3	PSMD2
PSMC3	PSMC5
PSMC3	PSMA8
PSMC3	PSMD12
PSMC3	PSMB5
PSMC3	PSMD4
PSMC3	PSMA7
PSMC3	PSMB2
PSMC3	PSMD14
PSMC3	PSMC2
PSMC3	PSMA1
PSMC3	PSMD9
PSMC3	ADRM1
PSMC3	SNCA
PSMC3	PSMC6
PSMC3	PSMB3
PSMC4	PSMA4
PSMC4	PSMD9
PSMC4	PSMA8
PSMC4	PSMA3
PSMC4	PSMB7
PSMC4	PSMB6
PSMC4	PSMA7
PSMC4	PSMB2
PSMC4	PSMD1
PSMC4	PSMD14
PSMC4	PSMC1
PSMC4	PSMC6
PSMC4	PSMB3
PSMC4	PSMD8
PSMC4	PSMD12
PSMC4	PSMA6
PSMC4	PSMD7
PSMC4	PSMB1
PSMC4	PSMD2
PSMC4	PSMA5
PSMC4	PSMB4
PSMC4	PSMB5
PSMC4	ADRM1
PSMC4	PSMA1
PSMC4	PSMD11
PSMC4	PSMC5
PSMC4	PSMC3
PSMC4	PSMC2
PSMC4	PSMD4
PSMC4	PSMA2
PSMC4	PSMD3
PSMC5	PSMA4
PSMC5	PSMC4
PSMC5	PSMD8
PSMC5	PSMA3
PSMC5	PSMD7
PSMC5	PSMA2
PSMC5	PSMB7
PSMC5	PSMC1
PSMC5	PSMA6
PSMC5	PSMD11
PSMC5	PSMB1
PSMC5	PSMD3
PSMC5	PSMB6
PSMC5	PSMA5
PSMC5	PSMB4
PSMC5	PSMD1
PSMC5	PSMD2
PSMC5	PSMA8
PSMC5	PSMD9
PSMC5	MTOR
PSMC5	PSMA7
PSMC5	PSMA1
PSMC5	ADRM1
PSMC5	PSMB3
PSMC5	PSMC3
PSMC5	PSMD4
PSMC5	PSMC2
PSMC5	PSMB5
PSMC5	PSMD12
PSMC5	PSMD14
PSMC5	PSMB2
PSMC5	PSMC6
PSMC6	PSMA4
PSMC6	PSMC4
PSMC6	PSMD8
PSMC6	PSMA3
PSMC6	PSMD7
PSMC6	PSMA2
PSMC6	PSMB7
PSMC6	PSMC1
PSMC6	PSMA6
PSMC6	PSMD11
PSMC6	PSMB1
PSMC6	PSMD3
PSMC6	PSMB6
PSMC6	PSMA5
PSMC6	PSMB4
PSMC6	PSMD1
PSMC6	PSMD2
PSMC6	PSMC5
PSMC6	PSMA8
PSMC6	PSMD12
PSMC6	MTOR
PSMC6	PSMB5
PSMC6	PSMD4
PSMC6	PSMA7
PSMC6	PSMB2
PSMC6	PSMD14
PSMC6	PSMC2
PSMC6	PSMA1
PSMC6	PSMD9
PSMC6	ADRM1
PSMC6	PSMC3
PSMC6	PSMB3
PSMD1	PSMA4
PSMD1	PSMC4
PSMD1	PSMD8
PSMD1	PSMA3
PSMD1	PSMD7
PSMD1	PSMA2
PSMD1	PSMB7
PSMD1	PSMC1
PSMD1	PSMA6
PSMD1	PSMD11
PSMD1	PSMB1
PSMD1	PSMD3
PSMD1	PSMB6
PSMD1	PSMA5
PSMD1	PSMB4
PSMD1	PSMA8
PSMD1	PSMD9
PSMD1	PSMB5
PSMD1	PSMA7
PSMD1	PSMB3
PSMD1	PSMA1
PSMD1	ADRM1
PSMD1	PSMC2
PSMD1	PSMD4
PSMD1	PSMC5
PSMD1	PSMC3
PSMD1	PSMC6
PSMD1	PSMD14
PSMD1	PSMB2
PSMD1	PSMD2
PSMD1	PSMD12
PSMD11	PSMA4
PSMD11	PSMC4
PSMD11	PSMD8
PSMD11	PSMA3
PSMD11	PSMD7
PSMD11	PSMA2
PSMD11	PSMB7
PSMD11	PSMC1
PSMD11	PSMA6
PSMD11	PSMD9
PSMD11	PSMB5
PSMD11	PSMB6
PSMD11	PSMA7
PSMD11	PSMB3
PSMD11	PSMA1
PSMD11	PSMC6
PSMD11	PSMD14
PSMD11	PSMD1
PSMD11	PSMB2
PSMD11	PSMA5
PSMD11	PSMD2
PSMD11	PSMB1
PSMD11	PSMD12
PSMD11	ADRM1
PSMD11	PSMB4
PSMD11	PSMD3
PSMD11	PSMD4
PSMD11	PSMC2
PSMD11	PSMC3
PSMD11	PSMC5
PSMD12	PSMA4
PSMD12	PSMC4
PSMD12	PSMD8
PSMD12	PSMA3
PSMD12	PSMD7
PSMD12	PSMA2
PSMD12	PSMB7
PSMD12	PSMC1
PSMD12	PSMA6
PSMD12	PSMD11
PSMD12	PSMB1
PSMD12	PSMD3
PSMD12	PSMB6
PSMD12	PSMA5
PSMD12	PSMB4
PSMD12	PSMD1
PSMD12	PSMD2
PSMD12	PSMC5
PSMD12	PSMA8
PSMD12	PSMD9
PSMD12	PSMB5
PSMD12	PSMA7
PSMD12	PSMB3
PSMD12	PSMA1
PSMD12	ADRM1
PSMD12	PSMC2
PSMD12	PSMD4
PSMD12	PSMC3
PSMD12	PSMC6
PSMD12	PSMD14
PSMD12	PSMB2
PSMD14	PSMA4
PSMD14	PSMC4
PSMD14	PSMD8
PSMD14	PSMA3
PSMD14	PSMD7
PSMD14	PSMA2
PSMD14	EIF2S1
PSMD14	PSMB7
PSMD14	PSMC1
PSMD14	PSMA6
PSMD14	PSMD11
PSMD14	PSMB1
PSMD14	PSMD3
PSMD14	PSMB6
PSMD14	PSMA5
PSMD14	PSMB4
PSMD14	PSMD1
PSMD14	PSMD2
PSMD14	PSMC5
PSMD14	PSMA8
PSMD14	PSMD12
PSMD14	MTOR
PSMD14	PSMB5
PSMD14	PSMD4
PSMD14	PSMA7
PSMD14	PSMB2
PSMD14	PSMD9
PSMD14	PSMC2
PSMD14	PSMC3
PSMD14	ADRM1
PSMD14	PSMA1
PSMD14	PSMC6
PSMD14	PSMB3
PSMD2	PSMA4
PSMD2	PSMC4
PSMD2	PSMD8
PSMD2	PSMA3
PSMD2	PSMD7
PSMD2	PSMA2
PSMD2	PSMB7
PSMD2	PSMC1
PSMD2	PSMA6
PSMD2	PSMD11
PSMD2	PSMB1
PSMD2	PSMD3
PSMD2	PSMB6
PSMD2	PSMA5
PSMD2	PSMB4
PSMD2	PSMD1
PSMD2	PSMA8
PSMD2	PSMD9
PSMD2	PSMB5
PSMD2	PSMB3
PSMD2	PSMA7
PSMD2	PSMD12
PSMD2	PSMC6
PSMD2	PSMD14
PSMD2	PSMB2
PSMD2	PSMD4
PSMD2	PSMC2
PSMD2	PSMC3
PSMD2	PSMC5
PSMD2	PSMA1
PSMD2	ADRM1
PSMD3	PSMA4
PSMD3	PSMC4
PSMD3	PSMD8
PSMD3	PSMA3
PSMD3	PSMD7
PSMD3	PSMA2
PSMD3	PSMB7
PSMD3	PSMC1
PSMD3	PSMA6
PSMD3	PSMD11
PSMD3	PSMB1
PSMD3	PSMA8
PSMD3	PSMD9
PSMD3	PSMB5
PSMD3	PSMB6
PSMD3	PSMA7
PSMD3	PSMA1
PSMD3	PSMB4
PSMD3	PSMB2
PSMD3	ADRM1
PSMD3	PSMD4
PSMD3	PSMC2
PSMD3	PSMC3
PSMD3	PSMC5
PSMD3	PSMC6
PSMD3	PSMB3
PSMD3	PSMD1
PSMD3	PSMD14
PSMD3	PSMD2
PSMD3	PSMA5
PSMD3	PSMD12
PSMD4	PSMA4
PSMD4	PSMC4
PSMD4	PSMD8
PSMD4	PSMA3
PSMD4	PSMD7
PSMD4	PSMA2
PSMD4	PSMB7
PSMD4	PSMC1
PSMD4	PSMA6
PSMD4	PSMD11
PSMD4	PSMB1
PSMD4	PSMD3
PSMD4	PSMB6
PSMD4	PSMA5
PSMD4	PSMB4
PSMD4	PSMD1
PSMD4	PSMD2
PSMD4	PSMC5
PSMD4	PSMA8
PSMD4	PSMD12
PSMD4	PSMB5
PSMD4	PSMD9
PSMD4	PSMB2
PSMD4	PSMD14
PSMD4	PSMC6
PSMD4	PSMB3
PSMD4	PSMC3
PSMD4	PSMC2
PSMD4	PSMA7
PSMD4	ADRM1
PSMD4	PSMA1
PSMD7	PSMA4
PSMD7	PSMC4
PSMD7	PSMD8
PSMD7	PSMA3
PSMD7	PSMD9
PSMD7	PSMA8
PSMD7	PSMB6
PSMD7	PSMB5
PSMD7	PSMA7
PSMD7	PSMA6
PSMD7	ADRM1
PSMD7	PSMA1
PSMD7	PSMB7
PSMD7	PSMB4
PSMD7	PSMD4
PSMD7	PSMC2
PSMD7	PSMD3
PSMD7	PSMA2
PSMD7	PSMD11
PSMD7	PSMC3
PSMD7	PSMC5
PSMD7	PSMB3
PSMD7	PSMC6
PSMD7	PSMB2
PSMD7	PSMD1
PSMD7	PSMC1
PSMD7	PSMD14
PSMD7	PSMD2
PSMD7	PSMA5
PSMD7	PSMD12
PSMD7	PSMB1
PSMD8	PSMA4
PSMD8	PSMC4
PSMD8	PSMA8
PSMD8	PSMD9
PSMD8	PSMB5
PSMD8	PSMB7
PSMD8	PSMA7
PSMD8	PSMB1
PSMD8	PSMA6
PSMD8	PSMA5
PSMD8	PSMC1
PSMD8	PSMD14
PSMD8	PSMD1
PSMD8	PSMB2
PSMD8	PSMC6
PSMD8	PSMB3
PSMD8	PSMA3
PSMD8	PSMD7
PSMD8	PSMD12
PSMD8	PSMD2
PSMD8	PSMB4
PSMD8	PSMA1
PSMD8	PSMB6
PSMD8	ADRM1
PSMD8	PSMC3
PSMD8	PSMC5
PSMD8	PSMD11
PSMD8	PSMD3
PSMD8	PSMA2
PSMD8	PSMD4
PSMD8	PSMC2
PSMD9	PSMC4
PSMD9	PSMD8
PSMD9	PSMD7
PSMD9	PSMC1
PSMD9	PSMD11
PSMD9	PSMD3
PSMD9	PSMD1
PSMD9	PSMD2
PSMD9	PSMC5
PSMD9	PSMD12
PSMD9	PSMD4
PSMD9	PSMD14
PSMD9	PSMC2
PSMD9	PSMC6
PSMD9	PSMC3
PTGS2	IL1B
PTGS2	NOS2
PTGS2	TNF
PTGS2	IL6
RAF1	MAPK1
RAF1	PIK3R2
RAF1	NFKB1
RAF1	KRAS
RAF1	PIK3R3
RAF1	MAP2K2
RAF1	MAPK3
RAF1	PIK3CA
RAF1	ARAF
RAF1	MAP2K1
RAF1	GSK3B
RAF1	NRAS
RAF1	PIK3CD
RAF1	AKT2
RAF1	BAD
RAF1	RELA
RAF1	AKT3
RAF1	PIK3CB
RAF1	PIK3R1
RAF1	AKT1
RAF1	HRAS
RAF1	BRAF
RB1CC1	MAP3K5
RB1CC1	WIPI2
RB1CC1	BECN2
RB1CC1	MTOR
RB1CC1	PIK3R4
RB1CC1	PIK3C3
RB1CC1	BECN1
RB1CC1	ULK2
RB1CC1	ULK1
RB1CC1	ATG14
RB1CC1	NRBF2
RB1CC1	ATG101
RELA	NFKB1
RELA	IL1B
RELA	CHUK
RELA	MAPK8
RELA	CTNNB1
RELA	RAF1
RELA	MAPK9
RELA	IL6
RELA	TNF
RELA	IKBKB
RTN3	BACE1
RTN3	BACE2
RTN3	RTN4
RTN4	BACE1
RTN4	BACE2
RTN4	RTN3
RYR3	CALM3
RYR3	CALML6
RYR3	CALML3
RYR3	PSEN1
RYR3	PSEN2
RYR3	CALML5
RYR3	CALML4
RYR3	NOS1
SDHA	UQCRC1
SDHA	NDUFS7
SDHA	COX5B
SDHA	ATP5F1B
SDHA	NDUFS3
SDHA	MT-ND4
SDHA	MT-CYB
SDHA	CYCS
SDHA	MT-ND3
SDHA	MT-ND1
SDHA	MT-CO2
SDHA	NDUFB8
SDHA	CYC1
SDHA	ATP5F1A
SDHA	MT-CO3
SDHA	NDUFA9
SDHA	MT-CO1
SDHA	NDUFV2
SDHA	UQCRC2
SDHA	UQCRFS1
SDHA	NDUFS1
SDHA	NDUFS2
SDHA	SDHD
SDHA	NDUFS8
SDHA	NDUFV1
SDHA	SDHB
SDHA	SDHC
SDHB	UQCRC1
SDHB	ATP5F1D
SDHB	NDUFS7
SDHB	NDUFA2
SDHB	COX5B
SDHB	NDUFS3
SDHB	SDHA
SDHB	NDUFA9
SDHB	UQCRC2
SDHB	NDUFB9
SDHB	NDUFB8
SDHB	ATP5PD
SDHB	UQCRFS1
SDHB	CYCS
SDHB	NDUFS8
SDHB	CYC1
SDHB	COX5A
SDHB	NDUFV2
SDHB	NDUFA12
SDHB	UQCR10
SDHB	ATP5F1C
SDHB	MT-CO1
SDHB	MT-CYB
SDHB	MT-ND1
SDHB	MT-ND5
SDHB	MT-CO2
SDHB	MT-ND4
SDHB	MT-CO3
SDHB	MT-ND3
SDHB	SDHC
SDHB	NDUFS2
SDHB	NDUFA8
SDHB	COX4I1
SDHB	ATP5F1A
SDHB	UQCRB
SDHB	NDUFV1
SDHB	NDUFS1
SDHB	SDHD
SDHC	NDUFA2
SDHC	NDUFS3
SDHC	SDHA
SDHC	NDUFA9
SDHC	NDUFB8
SDHC	UQCRFS1
SDHC	CYCS
SDHC	NDUFS8
SDHC	CYC1
SDHC	NDUFV2
SDHC	NDUFA12
SDHC	UQCR10
SDHC	MT-CO1
SDHC	MT-CO2
SDHC	MT-CO3
SDHC	NDUFA5
SDHC	UQCRB
SDHC	NDUFA8
SDHC	NDUFS1
SDHC	UQCRQ
SDHC	NDUFS2
SDHC	SDHB
SDHC	SDHD
SDHD	NDUFA2
SDHD	COX5B
SDHD	NDUFB5
SDHD	NDUFS3
SDHD	SDHA
SDHD	UQCRC2
SDHD	NDUFS6
SDHD	NDUFB9
SDHD	NDUFB8
SDHD	UQCRFS1
SDHD	CYCS
SDHD	NDUFS8
SDHD	COX5A
SDHD	NDUFV2
SDHD	NDUFA12
SDHD	UQCR10
SDHD	SDHC
SDHD	NDUFS2
SDHD	NDUFA8
SDHD	SDHB
SDHD	NDUFS1
SDHD	UQCRB
SDHD	NDUFA6
SDHD	UQCRQ
SLC25A31	PPIF
SLC25A31	SLC25A4
SLC25A31	SLC25A5
SLC25A31	SLC25A6
SLC25A31	PPID
SLC25A31	CYCS
SLC25A31	VDAC3
SLC25A31	VDAC2
SLC25A31	VDAC1
SLC25A4	PPIF
SLC25A4	SLC25A31
SLC25A4	SLC25A6
SLC25A4	PPID
SLC25A4	CYCS
SLC25A4	VDAC2
SLC25A4	SLC25A5
SLC25A4	VDAC3
SLC25A4	VDAC1
SLC25A5	PPIF
SLC25A5	SLC25A31
SLC25A5	SLC25A4
SLC25A5	PPID
SLC25A5	CYCS
SLC25A5	SLC25A6
SLC25A5	VDAC3
SLC25A5	VDAC2
SLC25A5	VDAC1
SLC25A6	PPIF
SLC25A6	SLC25A31
SLC25A6	SLC25A4
SLC25A6	PPID
SLC25A6	CYCS
SLC25A6	SLC25A5
SLC25A6	VDAC2
SLC25A6	VDAC3
SLC25A6	VDAC1
SNCA	APOE
SNCA	KLC4
SNCA	APP
SNCA	CALM3
SNCA	CALML6
SNCA	KIF5B
SNCA	CALML3
SNCA	MAPT
SNCA	CALML5
SNCA	KLC3
SNCA	VDAC1
SNCA	KIF5C
SNCA	KLC2
SNCA	KIF5A
SNCA	KLC1
SNCA	CALML4
SNCA	PSMC3
TNF	TNFRSF1A
TNF	NFKB1
TNF	TRAF2
TNF	MAPK3
TNF	IL1A
TNF	IL1B
TNF	FADD
TNF	ADAM17
TNF	CASP3
TNF	CASP8
TNF	PTGS2
TNF	CHUK
TNF	INS
TNF	RELA
TNF	IL6
TNF	ERN1
TNF	AKT1
TNF	FAS
TNF	IKBKB
TNFRSF1A	NOX1
TNFRSF1A	IL1A
TNFRSF1A	IL6
TNFRSF1A	IL1B
TNFRSF1A	CASP8
TNFRSF1A	IKBKB
TNFRSF1A	TNF
TNFRSF1A	CHUK
TNFRSF1A	TRAF2
TNFRSF1A	FAS
TNFRSF1A	FADD
TRAF2	TNFRSF1A
TRAF2	PIK3R2
TRAF2	PIK3R3
TRAF2	PIK3CD
TRAF2	PIK3CA
TRAF2	PIK3CB
TRAF2	PIK3R1
TRAF2	GAPDH
TRAF2	MAP2K7
TRAF2	IKBKB
TRAF2	CASP8
TRAF2	CHUK
TRAF2	BECN1
TRAF2	TNF
TRAF2	ERN1
TRAF2	FADD
TRAF2	MAP3K5
TUBA1A	TUBB1
TUBA1A	TUBA4A
TUBA1A	TUBB2B
TUBA1A	TUBB4A
TUBA1A	KIF5B
TUBA1A	TUBB6
TUBA1A	TUBB3
TUBA1A	TUBA1B
TUBA1A	TUBB
TUBA1A	MAPT
TUBA1A	TUBB4B
TUBA1A	TUBB2A
TUBA1A	KIF5C
TUBA1A	TUBB8
TUBA1B	TUBB1
TUBA1B	TUBB2B
TUBA1B	TUBB4A
TUBA1B	KIF5B
TUBA1B	TUBB6
TUBA1B	TUBB3
TUBA1B	TUBA1A
TUBA1B	TUBB8
TUBA1B	TUBA1C
TUBA1B	MTOR
TUBA1B	MAPT
TUBA1B	TUBB4B
TUBA1B	TUBB
TUBA1B	TUBB2A
TUBA1C	TUBB1
TUBA1C	TUBB2B
TUBA1C	TUBB4A
TUBA1C	TUBB6
TUBA1C	TUBB3
TUBA1C	TUBA1B
TUBA1C	TUBB
TUBA1C	MAPT
TUBA1C	TUBB4B
TUBA1C	TUBB2A
TUBA1C	TUBB8
TUBA3D	TUBB1
TUBA3D	TUBB2B
TUBA3D	TUBB4A
TUBA3D	TUBB6
TUBA3D	TUBB3
TUBA3D	MAPT
TUBA3D	TUBB8
TUBA3D	TUBB4B
TUBA3D	TUBB2A
TUBA3D	TUBB
TUBA3E	TUBB1
TUBA3E	TUBB2B
TUBA3E	TUBB4A
TUBA3E	MAPT
TUBA3E	TUBB3
TUBA3E	TUBB4B
TUBA3E	TUBB8
TUBA3E	TUBB6
TUBA3E	TUBB2A
TUBA3E	TUBB
TUBA4A	TUBB1
TUBA4A	TUBA1A
TUBA4A	TUBB8
TUBA4A	TUBB2B
TUBA4A	TUBB6
TUBA4A	MAPT
TUBA4A	TUBB4A
TUBA4A	TUBB4B
TUBA4A	TUBB3
TUBA4A	TUBB
TUBA4A	TUBB2A
TUBA8	TUBB1
TUBA8	TUBB2B
TUBA8	TUBB4A
TUBA8	TUBB6
TUBA8	TUBB3
TUBA8	MAPT
TUBA8	TUBB4B
TUBA8	TUBB8
TUBA8	TUBB
TUBA8	TUBB2A
TUBAL3	TUBB1
TUBAL3	TUBB2B
TUBAL3	TUBB4A
TUBAL3	TUBB6
TUBAL3	TUBB3
TUBAL3	TUBB
TUBAL3	MAPT
TUBAL3	TUBB4B
TUBAL3	TUBB2A
TUBAL3	TUBB8
TUBB	TUBA4A
TUBB	TUBA3E
TUBB	TUBA3D
TUBB	TUBA8
TUBB	TUBA1B
TUBB	MAPT
TUBB	TUBAL3
TUBB	TUBB4B
TUBB	TUBA1C
TUBB	MTOR
TUBB	TUBA1A
TUBB1	MAPT
TUBB1	TUBA1C
TUBB1	TUBA3D
TUBB1	TUBA3E
TUBB1	TUBA8
TUBB1	TUBA1A
TUBB1	TUBAL3
TUBB1	TUBA4A
TUBB1	TUBA1B
TUBB2A	TUBA4A
TUBB2A	TUBB2B
TUBB2A	KIF5B
TUBB2A	TUBA3E
TUBB2A	TUBA3D
TUBB2A	TUBA8
TUBB2A	TUBA1B
TUBB2A	MAPT
TUBB2A	TUBAL3
TUBB2A	TUBA1C
TUBB2A	TUBA1A
TUBB2B	TUBA4A
TUBB2B	TUBB2A
TUBB2B	KIF5B
TUBB2B	TUBA3D
TUBB2B	TUBAL3
TUBB2B	TUBA8
TUBB2B	TUBA3E
TUBB2B	KIF5C
TUBB2B	TUBA1C
TUBB2B	MAPT
TUBB2B	TUBA1A
TUBB2B	TUBA1B
TUBB3	TUBA4A
TUBB3	TUBA3E
TUBB3	TUBA8
TUBB3	TUBA3D
TUBB3	TUBAL3
TUBB3	MAPT
TUBB3	TUBA1C
TUBB3	TUBA1A
TUBB3	TUBA1B
TUBB4A	TUBA4A
TUBB4A	MAPT
TUBB4A	TUBAL3
TUBB4A	TUBA3D
TUBB4A	TUBA8
TUBB4A	TUBA3E
TUBB4A	TUBA1B
TUBB4A	TUBA1C
TUBB4A	TUBA1A
TUBB4A	MTOR
TUBB4B	TUBA4A
TUBB4B	TUBA3E
TUBB4B	TUBA3D
TUBB4B	TUBA8
TUBB4B	TUBA1B
TUBB4B	TUBB
TUBB4B	MAPT
TUBB4B	TUBAL3
TUBB4B	TUBA1C
TUBB4B	TUBA1A
TUBB6	TUBA4A
TUBB6	TUBA3E
TUBB6	MAPT
TUBB6	TUBA3D
TUBB6	TUBA8
TUBB6	TUBAL3
TUBB6	TUBA1C
TUBB6	TUBA1A
TUBB6	TUBA1B
TUBB8	TUBA4A
TUBB8	TUBA3E
TUBB8	TUBA3D
TUBB8	TUBA8
TUBB8	TUBA1B
TUBB8	MAPT
TUBB8	TUBAL3
TUBB8	TUBA1A
TUBB8	TUBA1C
ULK1	RB1CC1
ULK1	ATG14
ULK1	PIK3C3
ULK1	WIPI1
ULK1	NRBF2
ULK1	WIPI2
ULK1	BECN2
ULK1	ATG2B
ULK1	ATG2A
ULK1	ULK2
ULK1	PIK3R4
ULK1	BECN1
ULK1	MTOR
ULK1	ATG101
ULK2	RB1CC1
ULK2	ATG14
ULK2	PIK3C3
ULK2	WIPI1
ULK2	NRBF2
ULK2	WIPI2
ULK2	ULK1
ULK2	ATG101
ULK2	PIK3R4
ULK2	ATG2B
ULK2	MTOR
ULK2	BECN1
ULK2	ATG2A
ULK2	BECN2
UQCR10	NDUFB4
UQCR10	UQCRC1
UQCR10	NDUFB7
UQCR10	COX6A1
UQCR10	NDUFS7
UQCR10	ATP5F1E
UQCR10	NDUFA2
UQCR10	NDUFA10
UQCR10	COX5B
UQCR10	NDUFB5
UQCR10	NDUFS3
UQCR10	NDUFA9
UQCR10	UQCRC2
UQCR10	NDUFB10
UQCR10	NDUFS6
UQCR10	NDUFB9
UQCR10	NDUFC2
UQCR10	COX6A2
UQCR10	COX7A1
UQCR10	NDUFS4
UQCR10	NDUFB8
UQCR10	NDUFA7
UQCR10	ATP5PD
UQCR10	UQCRFS1
UQCR10	CYCS
UQCR10	UQCRH
UQCR10	NDUFS8
UQCR10	CYC1
UQCR10	COX5A
UQCR10	NDUFV2
UQCR10	NDUFA12
UQCR10	COX7B2
UQCR10	SDHB
UQCR10	SDHC
UQCR10	SDHD
UQCR10	NDUFB2
UQCR10	MT-ND2
UQCR10	MT-ND5
UQCR10	NDUFV3
UQCR10	NDUFC1
UQCR10	NDUFA4
UQCR10	NDUFB1
UQCR10	COX6B2
UQCR10	MT-ND4L
UQCR10	MT-ND1
UQCR10	MT-ND3
UQCR10	NDUFA1
UQCR10	COX4I2
UQCR10	MT-ND4
UQCR10	NDUFA3
UQCR10	NDUFB3
UQCR10	NDUFAB1
UQCR10	NDUFB6
UQCR10	MT-CO2
UQCR10	NDUFS5
UQCR10	NDUFS1
UQCR10	COX7B
UQCR10	MT-CO1
UQCR10	NDUFS2
UQCR10	NDUFV1
UQCR10	NDUFA13
UQCR10	MT-CO3
UQCR10	COX4I1
UQCR10	COX6C
UQCR10	UQCRHL
UQCR10	NDUFA8
UQCR10	COX6B1
UQCR10	UQCR11
UQCR10	COX7C
UQCR10	NDUFA11
UQCR10	UQCRB
UQCR10	NDUFA6
UQCR10	NDUFA5
UQCR10	MT-CYB
UQCR10	UQCRQ
UQCR11	NDUFB4
UQCR11	UQCRC1
UQCR11	ATP5F1D
UQCR11	NDUFB7
UQCR11	COX6A1
UQCR11	NDUFS7
UQCR11	ATP5F1E
UQCR11	NDUFA2
UQCR11	NDUFA10
UQCR11	COX5B
UQCR11	NDUFB5
UQCR11	NDUFS3
UQCR11	NDUFA9
UQCR11	UQCRC2
UQCR11	NDUFB10
UQCR11	NDUFS6
UQCR11	NDUFB9
UQCR11	NDUFC2
UQCR11	COX6A2
UQCR11	COX7A1
UQCR11	NDUFS4
UQCR11	NDUFB8
UQCR11	NDUFA7
UQCR11	ATP5PD
UQCR11	UQCRFS1
UQCR11	UQCRH
UQCR11	NDUFS8
UQCR11	CYC1
UQCR11	COX5A
UQCR11	NDUFV2
UQCR11	NDUFA12
UQCR11	UQCR10
UQCR11	NDUFA4
UQCR11	NDUFV3
UQCR11	MT-CO1
UQCR11	MT-CYB
UQCR11	MT-CO2
UQCR11	MT-CO3
UQCR11	NDUFS2
UQCR11	COX7A2
UQCR11	NDUFA1
UQCR11	NDUFS5
UQCR11	NDUFA8
UQCR11	COX4I2
UQCR11	UQCRQ
UQCR11	NDUFB6
UQCR11	NDUFA11
UQCR11	ATP5PF
UQCR11	NDUFS1
UQCR11	NDUFB3
UQCR11	NDUFA5
UQCR11	NDUFA3
UQCR11	NDUFB2
UQCR11	NDUFA13
UQCR11	COX7C
UQCR11	COX6C
UQCR11	UQCRB
UQCR11	NDUFC1
UQCR11	COX4I1
UQCR11	NDUFAB1
UQCR11	COX6B1
UQCR11	COX6B2
UQCR11	NDUFB1
UQCR11	COX7B
UQCR11	NDUFA6
UQCR11	NDUFV1
UQCR11	UQCRHL
UQCRB	NDUFB4
UQCRB	UQCRC1
UQCRB	ATP5F1D
UQCRB	NDUFB7
UQCRB	COX6A1
UQCRB	NDUFS7
UQCRB	NDUFA2
UQCRB	NDUFA10
UQCRB	COX5B
UQCRB	NDUFB5
UQCRB	NDUFS3
UQCRB	NDUFA9
UQCRB	UQCRC2
UQCRB	NDUFB10
UQCRB	NDUFS6
UQCRB	NDUFB9
UQCRB	NDUFC2
UQCRB	COX6A2
UQCRB	ATP5PO
UQCRB	COX7A1
UQCRB	NDUFS4
UQCRB	NDUFB8
UQCRB	NDUFA7
UQCRB	ATP5PD
UQCRB	UQCRFS1
UQCRB	CYCS
UQCRB	UQCRH
UQCRB	NDUFS8
UQCRB	CYC1
UQCRB	COX5A
UQCRB	NDUFV2
UQCRB	NDUFA12
UQCRB	UQCR10
UQCRB	NDUFA4
UQCRB	ATP5F1C
UQCRB	MT-CO1
UQCRB	MT-CYB
UQCRB	MT-ND1
UQCRB	MT-ND4L
UQCRB	MT-ND5
UQCRB	MT-CO2
UQCRB	MT-ND4
UQCRB	MT-CO3
UQCRB	MT-ND2
UQCRB	MT-ND3
UQCRB	SDHC
UQCRB	NDUFS2
UQCRB	ATP5PB
UQCRB	NDUFA1
UQCRB	NDUFS5
UQCRB	NDUFA8
UQCRB	SDHB
UQCRB	SDHD
UQCRB	COX4I2
UQCRB	COX7A2L
UQCRB	UQCRQ
UQCRB	NDUFB6
UQCRB	NDUFA11
UQCRB	ATP5PF
UQCRB	NDUFS1
UQCRB	NDUFB3
UQCRB	NDUFA5
UQCRB	NDUFA3
UQCRB	NDUFB2
UQCRB	NDUFA13
UQCRB	COX7C
UQCRB	COX6C
UQCRB	NDUFB1
UQCRB	NDUFAB1
UQCRB	COX6B2
UQCRB	COX7B
UQCRB	UQCRHL
UQCRB	COX4I1
UQCRB	NDUFA6
UQCRB	NDUFV1
UQCRB	UQCR11
UQCRB	COX6B1
UQCRC1	NDUFB4
UQCRC1	ATP5PB
UQCRC1	NDUFA1
UQCRC1	CYCS
UQCRC1	COX7A2L
UQCRC1	MT-ND2
UQCRC1	NDUFV3
UQCRC1	SDHB
UQCRC1	NDUFA3
UQCRC1	NDUFB3
UQCRC1	MT-ND5
UQCRC1	NDUFC2
UQCRC1	NDUFB6
UQCRC1	NDUFA7
UQCRC1	MT-ND1
UQCRC1	ATP5F1C
UQCRC1	MT-ND3
UQCRC1	MT-ND4L
UQCRC1	COX6C
UQCRC1	NDUFB5
UQCRC1	COX4I2
UQCRC1	ATP5F1D
UQCRC1	SDHA
UQCRC1	NDUFA11
UQCRC1	ATP5F1B
UQCRC1	ATP5F1A
UQCRC1	MT-ND4
UQCRC1	COX7B
UQCRC1	MT-CO2
UQCRC1	NDUFB8
UQCRC1	NDUFA13
UQCRC1	NDUFAB1
UQCRC1	NDUFB10
UQCRC1	NDUFA6
UQCRC1	UQCRHL
UQCRC1	COX6B1
UQCRC1	COX6A1
UQCRC1	MT-CO3
UQCRC1	NDUFS6
UQCRC1	NDUFB7
UQCRC1	NDUFA8
UQCRC1	NDUFA2
UQCRC1	NDUFA5
UQCRC1	NDUFS4
UQCRC1	COX7C
UQCRC1	COX6A2
UQCRC1	NDUFS3
UQCRC1	MT-CO1
UQCRC1	NDUFA10
UQCRC1	NDUFB9
UQCRC1	NDUFV2
UQCRC1	NDUFS7
UQCRC1	COX7A1
UQCRC1	NDUFS8
UQCRC1	COX4I1
UQCRC1	NDUFA9
UQCRC1	NDUFS1
UQCRC1	UQCR10
UQCRC1	NDUFS5
UQCRC1	NDUFS2
UQCRC1	UQCR11
UQCRC1	UQCRH
UQCRC1	UQCRFS1
UQCRC1	NDUFV1
UQCRC1	COX5B
UQCRC1	UQCRC2
UQCRC1	CYC1
UQCRC1	UQCRB
UQCRC1	NDUFA12
UQCRC1	UQCRQ
UQCRC1	MT-CYB
UQCRC1	COX5A
UQCRC2	NDUFB4
UQCRC2	UQCRC1
UQCRC2	NDUFB7
UQCRC2	COX6A1
UQCRC2	NDUFS7
UQCRC2	NDUFA2
UQCRC2	NDUFA10
UQCRC2	COX5B
UQCRC2	NDUFB5
UQCRC2	ATP5F1B
UQCRC2	NDUFS3
UQCRC2	SDHA
UQCRC2	NDUFA9
UQCRC2	NDUFB1
UQCRC2	NDUFA11
UQCRC2	NDUFV3
UQCRC2	NDUFA3
UQCRC2	MT-ND3
UQCRC2	MT-ND4L
UQCRC2	MT-ND6
UQCRC2	NDUFC2
UQCRC2	COX7A2L
UQCRC2	MT-ND2
UQCRC2	NDUFA1
UQCRC2	NDUFA7
UQCRC2	MT-ND5
UQCRC2	MT-ND4
UQCRC2	CYCS
UQCRC2	NDUFB6
UQCRC2	NDUFS5
UQCRC2	NDUFA13
UQCRC2	MT-ND1
UQCRC2	COX6B2
UQCRC2	NDUFB3
UQCRC2	NDUFS6
UQCRC2	SDHD
UQCRC2	COX6C
UQCRC2	NDUFB10
UQCRC2	NDUFA6
UQCRC2	NDUFAB1
UQCRC2	ATP5PB
UQCRC2	ATP5PO
UQCRC2	NDUFB9
UQCRC2	COX7B
UQCRC2	NDUFA4
UQCRC2	ATP5F1C
UQCRC2	NDUFA12
UQCRC2	COX7A1
UQCRC2	ATP5F1A
UQCRC2	NDUFS8
UQCRC2	NDUFA8
UQCRC2	NDUFA5
UQCRC2	COX4I2
UQCRC2	UQCRHL
UQCRC2	NDUFS2
UQCRC2	COX6A2
UQCRC2	NDUFV2
UQCRC2	NDUFS4
UQCRC2	COX6B1
UQCRC2	SDHB
UQCRC2	NDUFV1
UQCRC2	NDUFS1
UQCRC2	NDUFB8
UQCRC2	UQCRFS1
UQCRC2	CYC1
UQCRC2	COX4I1
UQCRC2	MT-CO2
UQCRC2	COX7C
UQCRC2	MT-CO3
UQCRC2	UQCR10
UQCRC2	UQCR11
UQCRC2	UQCRH
UQCRC2	UQCRQ
UQCRC2	MT-CO1
UQCRC2	MT-CYB
UQCRC2	COX5A
UQCRC2	UQCRB
UQCRFS1	NDUFB4
UQCRFS1	UQCRC1
UQCRFS1	ATP5F1D
UQCRFS1	NDUFB7
UQCRFS1	COX6A1
UQCRFS1	NDUFS7
UQCRFS1	NDUFA2
UQCRFS1	NDUFA10
UQCRFS1	COX5B
UQCRFS1	NDUFB5
UQCRFS1	ATP5F1B
UQCRFS1	NDUFS3
UQCRFS1	SDHA
UQCRFS1	NDUFA9
UQCRFS1	UQCRC2
UQCRFS1	NDUFB10
UQCRFS1	NDUFS6
UQCRFS1	NDUFB9
UQCRFS1	NDUFC2
UQCRFS1	ATP5MC3
UQCRFS1	COX6A2
UQCRFS1	ATP5PO
UQCRFS1	COX7A1
UQCRFS1	NDUFS4
UQCRFS1	NDUFB8
UQCRFS1	NDUFA7
UQCRFS1	NDUFC1
UQCRFS1	NDUFA1
UQCRFS1	MT-ATP6
UQCRFS1	NDUFV3
UQCRFS1	NDUFB1
UQCRFS1	NDUFA3
UQCRFS1	COX7A2L
UQCRFS1	ATP5MC2
UQCRFS1	ATP5F1A
UQCRFS1	COX6B2
UQCRFS1	SDHC
UQCRFS1	SDHD
UQCRFS1	ATP5MC1
UQCRFS1	ATP5PB
UQCRFS1	ATP5F1C
UQCRFS1	COX7B
UQCRFS1	NDUFA4
UQCRFS1	COX6C
UQCRFS1	MT-ND4L
UQCRFS1	NDUFB3
UQCRFS1	UQCRHL
UQCRFS1	NDUFB6
UQCRFS1	MT-ND2
UQCRFS1	MT-ND5
UQCRFS1	COX4I2
UQCRFS1	NDUFAB1
UQCRFS1	MT-ND3
UQCRFS1	MT-ND4
UQCRFS1	MT-ND1
UQCRFS1	COX6B1
UQCRFS1	NDUFA8
UQCRFS1	SDHB
UQCRFS1	MT-CYB
UQCRFS1	NDUFS1
UQCRFS1	NDUFV2
UQCRFS1	COX5A
UQCRFS1	UQCRQ
UQCRFS1	MT-CO1
UQCRFS1	NDUFA13
UQCRFS1	NDUFA12
UQCRFS1	UQCRB
UQCRFS1	NDUFA6
UQCRFS1	CYCS
UQCRFS1	NDUFA5
UQCRFS1	MT-CO2
UQCRFS1	NDUFA11
UQCRFS1	CYC1
UQCRFS1	COX4I1
UQCRFS1	NDUFV1
UQCRFS1	UQCRH
UQCRFS1	MT-CO3
UQCRFS1	UQCR10
UQCRFS1	NDUFS2
UQCRFS1	NDUFS5
UQCRFS1	UQCR11
UQCRFS1	NDUFS8
UQCRFS1	COX7C
UQCRH	NDUFB4
UQCRH	UQCRC1
UQCRH	NDUFB7
UQCRH	COX6A1
UQCRH	NDUFS7
UQCRH	NDUFA2
UQCRH	NDUFA10
UQCRH	COX5B
UQCRH	NDUFB5
UQCRH	NDUFS3
UQCRH	NDUFA9
UQCRH	UQCRC2
UQCRH	NDUFB10
UQCRH	NDUFS6
UQCRH	NDUFB9
UQCRH	NDUFC2
UQCRH	COX6A2
UQCRH	COX7A1
UQCRH	NDUFS4
UQCRH	NDUFB8
UQCRH	NDUFA7
UQCRH	ATP5PD
UQCRH	UQCRFS1
UQCRH	CYCS
UQCRH	UQCRHL
UQCRH	NDUFB2
UQCRH	COX7A2
UQCRH	NDUFA4
UQCRH	NDUFC1
UQCRH	MT-ND2
UQCRH	NDUFB1
UQCRH	COX7A2L
UQCRH	MT-ND5
UQCRH	NDUFA3
UQCRH	NDUFA1
UQCRH	MT-CO2
UQCRH	NDUFB6
UQCRH	NDUFV3
UQCRH	MT-ND3
UQCRH	MT-ND4L
UQCRH	NDUFA11
UQCRH	MT-ND1
UQCRH	MT-ND4
UQCRH	NDUFB3
UQCRH	NDUFAB1
UQCRH	COX4I2
UQCRH	COX6C
UQCRH	MT-CO3
UQCRH	MT-CO1
UQCRH	NDUFS5
UQCRH	COX7B
UQCRH	NDUFV1
UQCRH	NDUFA13
UQCRH	COX6B1
UQCRH	NDUFS2
UQCRH	NDUFS1
UQCRH	NDUFS8
UQCRH	NDUFV2
UQCRH	COX5A
UQCRH	NDUFA8
UQCRH	COX4I1
UQCRH	COX7C
UQCRH	NDUFA12
UQCRH	MT-CYB
UQCRH	NDUFA6
UQCRH	CYC1
UQCRH	UQCR11
UQCRH	UQCR10
UQCRH	UQCRQ
UQCRH	NDUFA5
UQCRH	UQCRB
UQCRHL	UQCRC1
UQCRHL	NDUFB7
UQCRHL	COX6A1
UQCRHL	NDUFA2
UQCRHL	COX5B
UQCRHL	UQCRC2
UQCRHL	NDUFB10
UQCRHL	NDUFS6
UQCRHL	NDUFB9
UQCRHL	COX6A2
UQCRHL	NDUFS4
UQCRHL	NDUFB8
UQCRHL	UQCRFS1
UQCRHL	UQCRH
UQCRHL	NDUFS8
UQCRHL	CYC1
UQCRHL	COX5A
UQCRHL	NDUFV2
UQCRHL	NDUFA12
UQCRHL	UQCR10
UQCRHL	MT-CO1
UQCRHL	MT-CYB
UQCRHL	MT-CO2
UQCRHL	MT-CO3
UQCRHL	NDUFS2
UQCRHL	NDUFA8
UQCRHL	COX4I2
UQCRHL	UQCRQ
UQCRHL	NDUFS1
UQCRHL	NDUFA5
UQCRHL	COX7C
UQCRHL	COX6C
UQCRHL	UQCRB
UQCRHL	COX4I1
UQCRHL	COX6B1
UQCRHL	UQCR11
UQCRHL	NDUFA6
UQCRHL	NDUFV1
UQCRQ	NDUFB4
UQCRQ	UQCRC1
UQCRQ	ATP5F1D
UQCRQ	NDUFB7
UQCRQ	COX6A1
UQCRQ	NDUFS7
UQCRQ	NDUFA2
UQCRQ	NDUFA10
UQCRQ	COX5B
UQCRQ	NDUFB5
UQCRQ	NDUFS3
UQCRQ	NDUFA9
UQCRQ	UQCRC2
UQCRQ	NDUFB10
UQCRQ	NDUFS6
UQCRQ	NDUFB9
UQCRQ	NDUFC2
UQCRQ	COX6A2
UQCRQ	COX7A1
UQCRQ	NDUFS4
UQCRQ	NDUFB8
UQCRQ	NDUFA7
UQCRQ	ATP5PD
UQCRQ	UQCRFS1
UQCRQ	CYCS
UQCRQ	UQCRH
UQCRQ	NDUFS8
UQCRQ	CYC1
UQCRQ	COX5A
UQCRQ	NDUFV2
UQCRQ	NDUFA12
UQCRQ	UQCR10
UQCRQ	NDUFA4
UQCRQ	NDUFV3
UQCRQ	ATP5F1C
UQCRQ	MT-CO1
UQCRQ	MT-CYB
UQCRQ	MT-ND1
UQCRQ	MT-ND5
UQCRQ	MT-CO2
UQCRQ	MT-ND4
UQCRQ	MT-CO3
UQCRQ	MT-ND2
UQCRQ	MT-ND3
UQCRQ	SDHC
UQCRQ	NDUFS2
UQCRQ	COX7A2
UQCRQ	NDUFA1
UQCRQ	NDUFS5
UQCRQ	NDUFA8
UQCRQ	SDHD
UQCRQ	COX4I2
UQCRQ	COX7A2L
UQCRQ	ATP5PF
UQCRQ	NDUFB1
UQCRQ	COX7B2
UQCRQ	NDUFB2
UQCRQ	COX6B2
UQCRQ	NDUFS1
UQCRQ	NDUFC1
UQCRQ	NDUFA3
UQCRQ	NDUFAB1
UQCRQ	NDUFB3
UQCRQ	NDUFB6
UQCRQ	COX7B
UQCRQ	NDUFV1
UQCRQ	NDUFA5
UQCRQ	NDUFA13
UQCRQ	NDUFA11
UQCRQ	NDUFA6
UQCRQ	COX6C
UQCRQ	UQCRHL
UQCRQ	COX4I1
UQCRQ	UQCR11
UQCRQ	COX6B1
UQCRQ	COX7C
UQCRQ	UQCRB
VDAC1	PPIF
VDAC1	SLC25A31
VDAC1	SLC25A4
VDAC1	PPID
VDAC1	ITPR1
VDAC1	CYCS
VDAC1	MAPT
VDAC1	SLC25A5
VDAC1	VDAC2
VDAC1	MCU
VDAC1	ITPR3
VDAC1	SLC25A6
VDAC1	GAPDH
VDAC1	SNCA
VDAC1	VDAC3
VDAC2	PPIF
VDAC2	SLC25A31
VDAC2	SLC25A4
VDAC2	PPID
VDAC2	CYCS
VDAC2	SLC25A5
VDAC2	SLC25A6
VDAC2	VDAC3
VDAC2	VDAC1
VDAC3	PPIF
VDAC3	SLC25A31
VDAC3	SLC25A4
VDAC3	PPID
VDAC3	CYCS
VDAC3	SLC25A5
VDAC3	VDAC2
VDAC3	SLC25A6
VDAC3	VDAC1
WIPI1	PIK3C3
WIPI1	ULK2
WIPI1	BECN1
WIPI1	ULK1
WIPI1	WIPI2
WIPI1	ATG2B
WIPI1	ATG2A
WIPI2	RB1CC1
WIPI2	ATG14
WIPI2	PIK3C3
WIPI2	WIPI1
WIPI2	ULK2
WIPI2	BECN1
WIPI2	ULK1
WIPI2	ATG2B
WIPI2	ATG2A
WNT1	FZD10
WNT1	FZD3
WNT1	LRP6
WNT1	AXIN1
WNT1	FZD7
WNT1	FZD1
WNT1	WNT4
WNT1	GSK3B
WNT1	DVL1
WNT1	DKK1
WNT1	CTNNB1
WNT1	FZD6
WNT1	FZD5
WNT1	FZD9
WNT1	FZD4
WNT1	FZD2
WNT1	FZD8
WNT1	LRP5
WNT10A	FZD5
WNT10A	FZD6
WNT10A	FZD8
WNT10A	FZD7
WNT10A	LRP6
WNT10A	FZD1
WNT10A	LRP5
WNT10B	LRP6
WNT10B	FZD7
WNT10B	FZD1
WNT10B	LRP5
WNT10B	FZD5
WNT10B	FZD8
WNT11	FZD10
WNT11	FZD3
WNT11	FZD7
WNT11	FZD1
WNT11	LRP5
WNT11	FZD2
WNT11	DVL1
WNT11	FZD5
WNT11	FZD8
WNT11	FZD4
WNT11	FZD9
WNT11	FZD6
WNT16	FZD2
WNT16	FZD5
WNT16	FZD1
WNT16	FZD4
WNT16	LRP5
WNT16	FZD6
WNT2	FZD10
WNT2	FZD3
WNT2	LRP6
WNT2	DKK1
WNT2	FZD6
WNT2	FZD5
WNT2	FZD1
WNT2	FZD7
WNT2	FZD4
WNT2	FZD8
WNT2	FZD2
WNT2	FZD9
WNT2	LRP5
WNT2B	DKK4
WNT2B	FZD10
WNT2B	FZD3
WNT2B	LRP6
WNT2B	DKK2
WNT2B	FZD7
WNT2B	FZD1
WNT2B	LRP5
WNT2B	FZD9
WNT2B	FZD5
WNT2B	DKK1
WNT2B	FZD8
WNT2B	FZD4
WNT3	FZD6
WNT3	FZD5
WNT3	FZD1
WNT3	CTNNB1
WNT3	WNT3A
WNT3	FZD7
WNT3	LRP6
WNT3	LRP5
WNT3	FZD8
WNT3A	DVL2
WNT3A	DKK4
WNT3A	WNT3
WNT3A	FZD10
WNT3A	FZD3
WNT3A	LRP6
WNT3A	AXIN1
WNT3A	FZD6
WNT3A	DKK2
WNT3A	GSK3B
WNT3A	FZD7
WNT3A	FZD9
WNT3A	DVL1
WNT3A	DKK1
WNT3A	FZD4
WNT3A	FZD5
WNT3A	CTNNB1
WNT3A	FZD8
WNT3A	FZD2
WNT3A	FZD1
WNT3A	LRP5
WNT4	FZD3
WNT4	LRP6
WNT4	FZD7
WNT4	FZD1
WNT4	DKK1
WNT4	WNT1
WNT4	LRP5
WNT4	FZD8
WNT4	FZD9
WNT4	FZD5
WNT4	FZD4
WNT4	FZD2
WNT4	FZD6
WNT5A	DVL2
WNT5A	FZD3
WNT5A	LRP6
WNT5A	DVL3
WNT5A	DKK1
WNT5A	FZD8
WNT5A	WNT5B
WNT5A	DVL1
WNT5A	FZD1
WNT5A	LRP5
WNT5A	FZD6
WNT5A	FZD9
WNT5A	FZD7
WNT5A	FZD2
WNT5A	FZD4
WNT5A	FZD5
WNT5B	FZD3
WNT5B	LRP6
WNT5B	WNT5A
WNT5B	FZD7
WNT5B	FZD1
WNT5B	FZD2
WNT5B	FZD9
WNT5B	FZD6
WNT5B	FZD5
WNT5B	FZD8
WNT5B	FZD4
WNT6	DKK4
WNT6	FZD8
WNT6	FZD7
WNT6	FZD6
WNT6	FZD3
WNT6	FZD5
WNT6	FZD1
WNT6	FZD4
WNT6	LRP5
WNT6	FZD9
WNT6	DKK1
WNT6	DKK2
WNT6	FZD2
WNT7A	FZD10
WNT7A	FZD3
WNT7A	LRP6
WNT7A	FZD1
WNT7A	FZD2
WNT7A	FZD6
WNT7A	FZD9
WNT7A	FZD4
WNT7A	FZD5
WNT7A	FZD7
WNT7A	LRP5
WNT7B	FZD10
WNT7B	FZD3
WNT7B	LRP6
WNT7B	FZD7
WNT7B	FZD1
WNT7B	LRP5
WNT7B	FZD2
WNT7B	FZD8
WNT7B	FZD6
WNT7B	FZD5
WNT7B	FZD9
WNT7B	FZD4
WNT8A	LRP5
WNT8A	FZD5
WNT8A	FZD8
WNT8A	FZD4
WNT8B	FZD2
WNT9B	FZD5
WNT9B	FZD4
XBP1	EIF2AK3
XBP1	ATF4
XBP1	PIK3R2
XBP1	DDIT3
XBP1	ERN1
XBP1	ATF6
